target_acc,min_dist_same,min_dist_opp,PDS_acc
PDT000026127.1,,,
PDT000024119.1,,,
PDT000024120.1,,,
PDT000024121.1,,,
PDT000024122.1,,,
PDT000024123.1,,,
PDT000024124.1,,,
PDT000024125.1,,,
PDT000024126.1,,,
PDT000024127.1,,,
PDT000024128.1,,,
PDT000024129.1,,,
PDT000026130.1,,,
PDT000026131.1,,,
PDT000026132.1,,,
PDT000026133.1,,,
PDT000024130.1,,,
PDT000026140.1,,,
PDT000026141.1,,,
PDT000026148.1,,,
PDT000026153.1,,,
PDT000026197.1,,,
PDT000026198.1,,,
PDT000026199.1,,,
PDT000026200.1,,,
PDT000026201.1,,,
PDT000026202.1,,,
PDT000026205.1,,,
PDT000026208.1,,,
PDT000026209.1,,,
PDT000026210.1,,,
PDT000026211.1,,,
PDT000026212.1,,,
PDT000026214.1,,,
PDT000026215.1,,,
PDT000026218.1,,,
PDT000026219.1,,,
PDT000026221.1,,,
PDT000026222.1,,,
PDT000026231.1,,,
PDT000026232.1,,,
PDT000026233.1,,,
PDT000026236.1,,,
PDT000026238.1,,,
PDT000026240.1,,,
PDT000026241.1,,,
PDT000024131.1,,,
PDT000026244.1,,,
PDT000024133.1,,,
PDT000026957.1,,,
PDT000026960.1,,,
PDT000026963.1,,,
PDT000026990.1,,,
PDT000026991.1,,,
PDT000026993.1,,,
PDT000026994.1,,,
PDT000026996.1,,,
PDT000026998.1,,,
PDT000027001.1,,,
PDT000027008.1,,,
PDT000027012.1,,,
PDT000027016.1,,,
PDT000027027.1,,,
PDT000027032.1,,,
PDT000027059.1,,,
PDT000027060.1,,,
PDT000027062.1,,,
PDT000027073.1,,,
PDT000027075.1,,,
PDT000027078.1,,,
PDT000027079.1,,,
PDT000027080.1,,,
PDT000027085.1,,,
PDT000027089.1,,,
PDT000027092.1,,,
PDT000027093.1,,,
PDT000027096.1,,,
PDT000027100.1,,,
PDT000027101.1,,,
PDT000027103.1,,,
PDT000027106.1,,,
PDT000027109.1,,,
PDT000027122.1,,,
PDT000027124.1,,,
PDT000027128.1,,,
PDT000027131.1,,,
PDT000027133.1,,,
PDT000027138.1,,,
PDT000027141.1,,,
PDT000027142.1,,,
PDT000027146.1,,,
PDT000027171.1,,,
PDT000027174.1,,,
PDT000027175.1,,,
PDT000027176.1,,,
PDT000027178.1,,,
PDT000027183.1,,,
PDT000027185.1,,,
PDT000027188.1,,,
PDT000027192.1,,,
PDT000027219.1,,,
PDT000027220.1,,,
PDT000027224.1,,,
PDT000027246.1,,,
PDT000027248.1,,,
PDT000027262.1,,,
PDT000027269.1,,,
PDT000027284.1,,,
PDT000027287.1,,,
PDT000027294.1,,,
PDT000027296.1,,,
PDT000027297.1,,,
PDT000027299.1,,,
PDT000027300.1,,,
PDT000024138.1,,,
PDT000024161.1,,,
PDT000023603.1,,,
PDT000023604.1,,,
PDT000023605.1,,,
PDT000023606.1,,,
PDT000023608.1,,,
PDT000023609.1,,,
PDT000023610.1,,,
PDT000023611.1,,,
PDT000023612.1,,,
PDT000023617.1,,,
PDT000024174.1,,,
PDT000024176.1,,,
PDT000024183.1,,,
PDT000024195.1,,,
PDT000024198.1,,,
PDT000024202.1,,,
PDT000024207.1,,,
PDT000024208.1,,,
PDT000024209.1,,,
PDT000024214.1,,,
PDT000024216.1,,,
PDT000024217.1,,,
PDT000024218.1,,,
PDT000024221.1,,,
PDT000024228.1,,,
PDT000024230.1,,,
PDT000024232.1,,,
PDT000024236.1,,,
PDT000024241.1,,,
PDT000024245.1,,,
PDT000024246.1,,,
PDT000024253.1,,,
PDT000024254.1,,,
PDT000024258.1,,,
PDT000024261.1,,,
PDT000024262.1,,,
PDT000024263.1,,,
PDT000024264.1,,,
PDT000024266.1,,,
PDT000024269.1,,,
PDT000024271.1,,,
PDT000024274.1,,,
PDT000024276.1,,,
PDT000024279.1,,,
PDT000024281.1,,,
PDT000023625.1,,,
PDT000023626.1,,,
PDT000023631.1,,,
PDT000023642.1,,,
PDT000024284.1,,,
PDT000023644.1,,,
PDT000023646.1,,,
PDT000023648.1,,,
PDT000023649.1,,,
PDT000023650.1,,,
PDT000023652.1,,,
PDT000023653.1,,,
PDT000023654.1,,,
PDT000023655.1,,,
PDT000023656.1,,,
PDT000023657.1,,,
PDT000023658.1,,,
PDT000023659.1,,,
PDT000023660.1,,,
PDT000023661.1,,,
PDT000023665.1,,,
PDT000023666.1,,,
PDT000023667.1,,,
PDT000023668.1,,,
PDT000023671.1,,,
PDT000023673.1,,,
PDT000023674.1,,,
PDT000023675.1,,,
PDT000023676.1,,,
PDT000023678.1,,,
PDT000023680.1,,,
PDT000024289.1,,,
PDT000024291.1,,,
PDT000024292.1,,,
PDT000024293.1,,,
PDT000024318.1,,,
PDT000024320.1,,,
PDT000024321.1,,,
PDT000024324.1,,,
PDT000024325.1,,,
PDT000024326.1,,,
PDT000024342.1,,,
PDT000024343.1,,,
PDT000024345.1,,,
PDT000024350.1,,,
PDT000024351.1,,,
PDT000024352.1,,,
PDT000024437.1,,,
PDT000024445.1,,,
PDT000024446.1,,,
PDT000024449.1,,,
PDT000024451.1,,,
PDT000024464.1,,,
PDT000024465.1,,,
PDT000024481.1,,,
PDT000024482.1,,,
PDT000024483.1,,,
PDT000024487.1,,,
PDT000024488.1,,,
PDT000024489.1,,,
PDT000024490.1,,,
PDT000024491.1,,,
PDT000024492.1,,,
PDT000024493.1,,,
PDT000024494.1,,,
PDT000024496.1,,,
PDT000024498.1,,,
PDT000024535.1,,,
PDT000023688.1,,,
PDT000024555.1,,,
PDT000024564.1,,,
PDT000024567.1,,,
PDT000024568.1,,,
PDT000024569.1,,,
PDT000024570.1,,,
PDT000024571.1,,,
PDT000023689.1,,,
PDT000023690.1,,,
PDT000024580.1,,,
PDT000024584.1,,,
PDT000024585.1,,,
PDT000024590.1,,,
PDT000024592.1,,,
PDT000024593.1,,,
PDT000024594.1,,,
PDT000024595.1,,,
PDT000024596.1,,,
PDT000024597.1,,,
PDT000024598.1,,,
PDT000024599.1,,,
PDT000024600.1,,,
PDT000024601.1,,,
PDT000024602.1,,,
PDT000024603.1,,,
PDT000024604.1,,,
PDT000024607.1,,,
PDT000024792.1,,,
PDT000024814.1,,,
PDT000024816.1,,,
PDT000024824.1,,,
PDT000024829.1,,,
PDT000024830.1,,,
PDT000024845.1,,,
PDT000024850.1,,,
PDT000024852.1,,,
PDT000024865.1,,,
PDT000024866.1,,,
PDT000024867.1,,,
PDT000023694.1,,,
PDT000023695.1,,,
PDT000024869.1,,,
PDT000024916.1,,,
PDT000024917.1,,,
PDT000024924.1,,,
PDT000024925.1,,,
PDT000024940.1,,,
PDT000024941.1,,,
PDT000024946.1,,,
PDT000024948.1,,,
PDT000024949.1,,,
PDT000024954.1,,,
PDT000024955.1,,,
PDT000024956.1,,,
PDT000024957.1,,,
PDT000024959.1,,,
PDT000024960.1,,,
PDT000024962.1,,,
PDT000024970.1,,,
PDT000024971.1,,,
PDT000024976.1,,,
PDT000024979.1,,,
PDT000024982.1,,,
PDT000024983.1,,,
PDT000024985.1,,,
PDT000024986.1,,,
PDT000024991.1,,,
PDT000024995.1,,,
PDT000025000.1,,,
PDT000025002.1,,,
PDT000025009.1,,,
PDT000025011.1,,,
PDT000025015.1,,,
PDT000025019.1,,,
PDT000025020.1,,,
PDT000025022.1,,,
PDT000025024.1,,,
PDT000025025.1,,,
PDT000025026.1,,,
PDT000025027.1,,,
PDT000025028.1,,,
PDT000025032.1,,,
PDT000025034.1,,,
PDT000025036.1,,,
PDT000025037.1,,,
PDT000025038.1,,,
PDT000025042.1,,,
PDT000025045.1,,,
PDT000025046.1,,,
PDT000025048.1,,,
PDT000025050.1,,,
PDT000025053.1,,,
PDT000025059.1,,,
PDT000025061.1,,,
PDT000025063.1,,,
PDT000025064.1,,,
PDT000025068.1,,,
PDT000025069.1,,,
PDT000025076.1,,,
PDT000025077.1,,,
PDT000025082.1,,,
PDT000025084.1,,,
PDT000025086.1,,,
PDT000025087.1,,,
PDT000025091.1,,,
PDT000025092.1,,,
PDT000025093.1,,,
PDT000025096.1,,,
PDT000025097.1,,,
PDT000025099.1,,,
PDT000025109.1,,,
PDT000025111.1,,,
PDT000025116.1,,,
PDT000025117.1,,,
PDT000025119.1,,,
PDT000025121.1,,,
PDT000025128.1,,,
PDT000025130.1,,,
PDT000025132.1,,,
PDT000025133.1,,,
PDT000025145.1,,,
PDT000025146.1,,,
PDT000025149.1,,,
PDT000025152.1,,,
PDT000025158.1,,,
PDT000025167.1,,,
PDT000025223.1,,,
PDT000025224.1,,,
PDT000025225.1,,,
PDT000025228.1,,,
PDT000025229.1,,,
PDT000025231.1,,,
PDT000025234.1,,,
PDT000025237.1,,,
PDT000025243.1,,,
PDT000023751.1,,,
PDT000023752.1,,,
PDT000023760.1,,,
PDT000023762.1,,,
PDT000023763.1,,,
PDT000023764.1,,,
PDT000023765.1,,,
PDT000023768.1,,,
PDT000023770.1,,,
PDT000023771.1,,,
PDT000023772.1,,,
PDT000023774.1,,,
PDT000023775.1,,,
PDT000023776.1,,,
PDT000023777.1,,,
PDT000023778.1,,,
PDT000023779.1,,,
PDT000023782.1,,,
PDT000023783.1,,,
PDT000023784.1,,,
PDT000023785.1,,,
PDT000023786.1,,,
PDT000023787.1,,,
PDT000023788.1,,,
PDT000023789.1,,,
PDT000023790.1,,,
PDT000023791.1,,,
PDT000023792.1,,,
PDT000023793.1,,,
PDT000023796.1,,,
PDT000023797.1,,,
PDT000023798.1,,,
PDT000023799.1,,,
PDT000023800.1,,,
PDT000023803.1,,,
PDT000023804.1,,,
PDT000023805.1,,,
PDT000023809.1,,,
PDT000023817.1,,,
PDT000023819.1,,,
PDT000023824.1,,,
PDT000023857.1,,,
PDT000023858.1,,,
PDT000023859.1,,,
PDT000023887.1,,,
PDT000023891.1,,,
PDT000023893.1,,,
PDT000023894.1,,,
PDT000023895.1,,,
PDT000023899.1,,,
PDT000023900.1,,,
PDT000023901.1,,,
PDT000023903.1,,,
PDT000023905.1,,,
PDT000023906.1,,,
PDT000023909.1,,,
PDT000023915.1,,,
PDT000023930.1,,,
PDT000023931.1,,,
PDT000023932.1,,,
PDT000023933.1,,,
PDT000023938.1,,,
PDT000023940.1,,,
PDT000023941.1,,,
PDT000023942.1,,,
PDT000023943.1,,,
PDT000023944.1,,,
PDT000023947.1,,,
PDT000023948.1,,,
PDT000023949.1,,,
PDT000023951.1,,,
PDT000023953.1,,,
PDT000023954.1,,,
PDT000024003.1,,,
PDT000024033.1,,,
PDT000025264.1,,,
PDT000025265.1,,,
PDT000025266.1,,,
PDT000025267.1,,,
PDT000025268.1,,,
PDT000025269.1,,,
PDT000025270.1,,,
PDT000025271.1,,,
PDT000025272.1,,,
PDT000025273.1,,,
PDT000025274.1,,,
PDT000025275.1,,,
PDT000025276.1,,,
PDT000025277.1,,,
PDT000025278.1,,,
PDT000025280.1,,,
PDT000025282.1,,,
PDT000025284.1,,,
PDT000025286.1,,,
PDT000025287.1,,,
PDT000025288.1,,,
PDT000025289.1,,,
PDT000025290.1,,,
PDT000025291.1,,,
PDT000025292.1,,,
PDT000025293.1,,,
PDT000025294.1,,,
PDT000025371.1,,,
PDT000025413.1,,,
PDT000024048.1,,,
PDT000024049.1,,,
PDT000024050.1,,,
PDT000024051.1,,,
PDT000024052.1,,,
PDT000024053.1,,,
PDT000024054.1,,,
PDT000024055.1,,,
PDT000024056.1,,,
PDT000024057.1,,,
PDT000024058.1,,,
PDT000024059.1,,,
PDT000024064.1,,,
PDT000025414.1,,,
PDT000025419.1,,,
PDT000024069.1,,,
PDT000025443.1,,,
PDT000025450.1,,,
PDT000025460.1,,,
PDT000025471.1,,,
PDT000025481.1,,,
PDT000025487.1,,,
PDT000025502.1,,,
PDT000025518.1,,,
PDT000025519.1,,,
PDT000025523.1,,,
PDT000025524.1,,,
PDT000025527.1,,,
PDT000027317.1,,,
PDT000025576.1,,,
PDT000025578.1,,,
PDT000025579.1,,,
PDT000025580.1,,,
PDT000025581.1,,,
PDT000025582.1,,,
PDT000025583.1,,,
PDT000025586.1,,,
PDT000025587.1,,,
PDT000025588.1,,,
PDT000025589.1,,,
PDT000025591.1,,,
PDT000025592.1,,,
PDT000025593.1,,,
PDT000025595.1,,,
PDT000025596.1,,,
PDT000025597.1,,,
PDT000025598.1,,,
PDT000025599.1,,,
PDT000025600.1,,,
PDT000025601.1,,,
PDT000027318.1,,,
PDT000025617.1,,,
PDT000025618.1,,,
PDT000024073.1,,,
PDT000025620.1,,,
PDT000025621.1,,,
PDT000024074.1,,,
PDT000024075.1,,,
PDT000024076.1,,,
PDT000025665.1,,,
PDT000025666.1,,,
PDT000025667.1,,,
PDT000025670.1,,,
PDT000025671.1,,,
PDT000025672.1,,,
PDT000025674.1,,,
PDT000025678.1,,,
PDT000025679.1,,,
PDT000025680.1,,,
PDT000025681.1,,,
PDT000025682.1,,,
PDT000025683.1,,,
PDT000025685.1,,,
PDT000025689.1,,,
PDT000025690.1,,,
PDT000025691.1,,,
PDT000025694.1,,,
PDT000025696.1,,,
PDT000025697.1,,,
PDT000025698.1,,,
PDT000025702.1,,,
PDT000025706.1,,,
PDT000025713.1,,,
PDT000025720.1,,,
PDT000025721.1,,,
PDT000025723.1,,,
PDT000025724.1,,,
PDT000025725.1,,,
PDT000025727.1,,,
PDT000025728.1,,,
PDT000025730.1,,,
PDT000025747.1,,,
PDT000025814.1,,,
PDT000025865.1,,,
PDT000025868.1,,,
PDT000025869.1,,,
PDT000025875.1,,,
PDT000025881.1,,,
PDT000025882.1,,,
PDT000025887.1,,,
PDT000024084.1,,,
PDT000024085.1,,,
PDT000024093.1,,,
PDT000024094.1,,,
PDT000024095.1,,,
PDT000024097.1,,,
PDT000024098.1,,,
PDT000024099.1,,,
PDT000024100.1,,,
PDT000024101.1,,,
PDT000024106.1,,,
PDT000024108.1,,,
PDT000024109.1,,,
PDT000024110.1,,,
PDT000025889.1,,,
PDT000025890.1,,,
PDT000025894.1,,,
PDT000025896.1,,,
PDT000025919.1,,,
PDT000025941.1,,,
PDT000025973.1,,,
PDT000025978.1,,,
PDT000026009.1,,,
PDT000000001.1,,,
PDT000003505.1,,,
PDT000005232.1,,,
PDT000003788.1,,,
PDT000003789.1,,,
PDT000007990.1,,,
PDT000007991.1,,,
PDT000007992.1,,,
PDT000009761.1,,,
PDT000009760.1,,,
PDT000009183.1,,,
PDT000009735.1,,,
PDT000009668.1,,,
PDT000009900.1,,,
PDT000010110.1,,,
PDT000010100.1,,,
PDT000009382.1,,,
PDT000009545.1,,,
PDT000009142.1,,,
PDT000009206.1,,,
PDT000010282.1,,,
PDT000009312.1,,,
PDT000009980.1,,,
PDT000010002.1,,,
PDT000009191.1,,,
PDT000009176.1,,,
PDT000009231.1,,,
PDT000009560.1,,,
PDT000009988.1,,,
PDT000009806.1,,,
PDT000009460.1,,,
PDT000009625.1,,,
PDT000009263.1,,,
PDT000009321.1,,,
PDT000009138.1,,,
PDT000009561.1,,,
PDT000009524.1,,,
PDT000009846.1,,,
PDT000009403.1,,,
PDT000009148.1,,,
PDT000009951.1,,,
PDT000009544.1,,,
PDT000009785.1,,,
PDT000009223.1,,,
PDT000009691.1,,,
PDT000009322.1,,,
PDT000009300.1,,,
PDT000009198.1,,,
PDT000010029.1,,,
PDT000009354.1,,,
PDT000010156.1,,,
PDT000009274.1,,,
PDT000009359.1,,,
PDT000009173.1,,,
PDT000010215.1,,,
PDT000010065.1,,,
PDT000009797.1,,,
PDT000009744.1,,,
PDT000010287.1,,,
PDT000009762.1,,,
PDT000009141.1,,,
PDT000009662.1,,,
PDT000009366.1,,,
PDT000009281.1,,,
PDT000009159.1,,,
PDT000009216.1,,,
PDT000009902.1,,,
PDT000009417.1,,,
PDT000009162.1,,,
PDT000009410.1,,,
PDT000009648.1,,,
PDT000009131.1,,,
PDT000009749.1,,,
PDT000009598.1,,,
PDT000009745.1,,,
PDT000009510.1,,,
PDT000009730.1,,,
PDT000009195.1,,,
PDT000009798.1,,,
PDT000009932.1,,,
PDT000010212.1,,,
PDT000010148.1,,,
PDT000009438.1,,,
PDT000009629.1,,,
PDT000010162.1,,,
PDT000009157.1,,,
PDT000009383.1,,,
PDT000009127.1,,,
PDT000009178.1,,,
PDT000009132.1,,,
PDT000009705.1,,,
PDT000010260.1,,,
PDT000010269.1,,,
PDT000010724.1,,,
PDT000010725.1,,,
PDT000010728.1,,,
PDT000010729.1,,,
PDT000010730.1,,,
PDT000010734.1,,,
PDT000010735.1,,,
PDT000010736.1,,,
PDT000010737.1,,,
PDT000010739.1,,,
PDT000010741.1,,,
PDT000010743.1,,,
PDT000010744.1,,,
PDT000010745.1,,,
PDT000010747.1,,,
PDT000010749.1,,,
PDT000010750.1,,,
PDT000010753.1,,,
PDT000010754.1,,,
PDT000010755.1,,,
PDT000010757.1,,,
PDT000010758.1,,,
PDT000010759.1,,,
PDT000010760.1,,,
PDT000010761.1,,,
PDT000010762.1,,,
PDT000010763.1,,,
PDT000010764.1,,,
PDT000010766.1,,,
PDT000010767.1,,,
PDT000010768.1,,,
PDT000010769.1,,,
PDT000010770.1,,,
PDT000010771.1,,,
PDT000010772.1,,,
PDT000001652.1,,,
PDT000001655.2,,,
PDT000001657.1,,,
PDT000001658.1,,,
PDT000001659.1,,,
PDT000001660.1,,,
PDT000001661.1,,,
PDT000002960.1,,,
PDT000002961.1,,,
PDT000002962.1,,,
PDT000004956.1,,,
PDT000004957.1,,,
PDT000004958.1,,,
PDT000004959.1,,,
PDT000004960.1,,,
PDT000009019.1,,,
PDT000009026.1,,,
PDT000009034.1,,,
PDT000009066.1,,,
PDT000009076.1,,,
PDT000009091.1,,,
PDT000009094.1,,,
PDT000009109.1,,,
PDT000009123.1,,,
PDT000009126.1,,,
PDT000007061.2,,,
PDT000007087.1,,,
PDT000007089.1,,,
PDT000007093.1,,,
PDT000007097.1,,,
PDT000007064.1,,,
PDT000007082.1,,,
PDT000004879.1,,,
PDT000004882.1,,,
PDT000004883.1,,,
PDT000004884.1,,,
PDT000004885.1,,,
PDT000004887.1,,,
PDT000004890.1,,,
PDT000004893.1,,,
PDT000004895.1,,,
PDT000004901.1,,,
PDT000004904.1,,,
PDT000020551.1,,,
PDT000020540.1,,,
PDT000020541.1,,,
PDT000020542.1,,,
PDT000014311.1,,,
PDT000014322.1,,,
PDT000014325.1,,,
PDT000014338.1,,,
PDT000014339.1,,,
PDT000014345.1,,,
PDT000014350.1,,,
PDT000014351.2,,,
PDT000014359.1,,,
PDT000014362.1,,,
PDT000014363.1,,,
PDT000014364.1,,,
PDT000014378.1,,,
PDT000014379.1,,,
PDT000014384.1,,,
PDT000014386.1,,,
PDT000014389.1,,,
PDT000014402.1,,,
PDT000014428.1,,,
PDT000014453.1,,,
PDT000014455.1,,,
PDT000014460.1,,,
PDT000014461.1,,,
PDT000014463.1,,,
PDT000014470.1,,,
PDT000015918.1,,,
PDT000017290.1,,,
PDT000017328.1,,,
PDT000018005.2,,,
PDT000018039.1,,,
PDT000018648.1,,,
PDT000018649.1,,,
PDT000018656.1,,,
PDT000018664.1,,,
PDT000018667.1,,,
PDT000018663.1,,,
PDT000018651.1,,,
PDT000018676.1,,,
PDT000018941.1,,,
PDT000018943.1,,,
PDT000018956.1,,,
PDT000018951.1,,,
PDT000018953.1,,,
PDT000018950.2,,,
PDT000018997.1,,,
PDT000018992.1,,,
PDT000018993.1,,,
PDT000018983.1,,,
PDT000018984.1,,,
PDT000018981.1,,,
PDT000018998.1,,,
PDT000018974.1,,,
PDT000019333.1,,,
PDT000019340.1,,,
PDT000019334.1,,,
PDT000019335.1,,,
PDT000019337.1,,,
PDT000019423.1,,,
PDT000019795.1,,,
PDT000019620.1,,,
PDT000019903.1,,,
PDT000019902.1,,,
PDT000020253.1,,,
PDT000020074.1,,,
PDT000020102.1,,,
PDT000020036.1,,,
PDT000019478.1,,,
PDT000019477.1,,,
PDT000019392.1,,,
PDT000019454.1,,,
PDT000019865.1,,,
PDT000020214.1,,,
PDT000020213.1,,,
PDT000020219.1,,,
PDT000020217.1,,,
PDT000019989.1,,,
PDT000019997.1,,,
PDT000020092.1,,,
PDT000020174.1,,,
PDT000020296.1,,,
PDT000020293.1,,,
PDT000020307.1,,,
PDT000020297.1,,,
PDT000020275.1,,,
PDT000020272.1,,,
PDT000020287.1,,,
PDT000020341.1,,,
PDT000020333.1,,,
PDT000020329.1,,,
PDT000020330.2,,,
PDT000020337.1,,,
PDT000020326.1,,,
PDT000020339.1,,,
PDT000020345.1,,,
PDT000020320.1,,,
PDT000020323.1,,,
PDT000020356.1,,,
PDT000020365.1,,,
PDT000020349.1,,,
PDT000020375.1,,,
PDT000020372.1,,,
PDT000020380.1,,,
PDT000020374.1,,,
PDT000020382.1,,,
PDT000020370.1,,,
PDT000020371.1,,,
PDT000020404.1,,,
PDT000020395.1,,,
PDT000020391.1,,,
PDT000020387.2,,,
PDT000020403.1,,,
PDT000020409.2,,,
PDT000020414.1,,,
PDT000020406.2,,,
PDT000020422.1,,,
PDT000020431.1,,,
PDT000020426.1,,,
PDT000020429.1,,,
PDT000020442.1,,,
PDT000020695.1,,,
PDT000020756.1,,,
PDT000020689.1,,,
PDT000020755.1,,,
PDT000020748.1,,,
PDT000020849.1,,,
PDT000020851.2,,,
PDT000020847.1,,,
PDT000020736.1,,,
PDT000020735.2,,,
PDT000020738.1,,,
PDT000020737.1,,,
PDT000020731.2,,,
PDT000020744.2,,,
PDT000020743.1,,,
PDT000020717.1,,,
PDT000020715.2,,,
PDT000020716.1,,,
PDT000020713.1,,,
PDT000020714.1,,,
PDT000020712.1,,,
PDT000020701.1,,,
PDT000020788.2,,,
PDT000020686.1,,,
PDT000020786.1,,,
PDT000020727.1,,,
PDT000020784.1,,,
PDT000020783.1,,,
PDT000020782.2,,,
PDT000020781.1,,,
PDT000020728.2,,,
PDT000020708.1,,,
PDT000020703.1,,,
PDT000020705.1,,,
PDT000020774.1,,,
PDT000020710.1,,,
PDT000020730.1,,,
PDT000020723.1,,,
PDT000020724.1,,,
PDT000020725.1,,,
PDT000020726.1,,,
PDT000020721.1,,,
PDT000020722.1,,,
PDT000020750.1,,,
PDT000020749.1,,,
PDT000020752.1,,,
PDT000020751.1,,,
PDT000020772.1,,,
PDT000020777.1,,,
PDT000020775.1,,,
PDT000020769.1,,,
PDT000020839.1,,,
PDT000020844.1,,,
PDT000020679.1,,,
PDT000020677.1,,,
PDT000020697.1,,,
PDT000020754.1,,,
PDT000020770.1,,,
PDT000020678.1,,,
PDT000020837.1,,,
PDT000020675.1,,,
PDT000020676.1,,,
PDT000020683.1,,,
PDT000020684.1,,,
PDT000020742.1,,,
PDT000020740.1,,,
PDT000020746.1,,,
PDT000020687.1,,,
PDT000020835.1,,,
PDT000020822.1,,,
PDT000020811.1,,,
PDT000020831.2,,,
PDT000020832.2,,,
PDT000020767.1,,,
PDT000020694.1,,,
PDT000020693.1,,,
PDT000020692.1,,,
PDT000020691.1,,,
PDT000020603.1,,,
PDT000020621.1,,,
PDT000020615.1,,,
PDT000020632.1,,,
PDT000020607.1,,,
PDT000020617.1,,,
PDT000020635.1,,,
PDT000020622.1,,,
PDT000020624.1,,,
PDT000020633.2,,,
PDT000020640.1,,,
PDT000020636.1,,,
PDT000020643.1,,,
PDT000020634.1,,,
PDT000020608.2,,,
PDT000020646.1,,,
PDT000020656.1,,,
PDT000020665.1,,,
PDT000020666.2,,,
PDT000020673.1,,,
PDT000020674.1,,,
PDT000020867.1,,,
PDT000020869.1,,,
PDT000020862.1,,,
PDT000020892.1,,,
PDT000020889.1,,,
PDT000020907.1,,,
PDT000020895.1,,,
PDT000020913.1,,,
PDT000020914.1,,,
PDT000020915.1,,,
PDT000020921.1,,,
PDT000020919.1,,,
PDT000020939.1,,,
PDT000020937.2,,,
PDT000020944.1,,,
PDT000020932.1,,,
PDT000020940.1,,,
PDT000020975.1,,,
PDT000020988.1,,,
PDT000020972.1,,,
PDT000020957.1,,,
PDT000020976.2,,,
PDT000020990.1,,,
PDT000020967.1,,,
PDT000020981.1,,,
PDT000020963.1,,,
PDT000020987.1,,,
PDT000021007.2,,,
PDT000021003.1,,,
PDT000020998.1,,,
PDT000021008.1,,,
PDT000021006.1,,,
PDT000021004.2,,,
PDT000020996.1,,,
PDT000021000.1,,,
PDT000021612.1,,,
PDT000021670.1,,,
PDT000021692.1,,,
PDT000021753.1,,,
PDT000021218.1,,,
PDT000021404.1,,,
PDT000021383.1,,,
PDT000021466.2,,,
PDT000021463.1,,,
PDT000021664.1,,,
PDT000021142.1,,,
PDT000021587.1,,,
PDT000021210.1,,,
PDT000021212.2,,,
PDT000021206.2,,,
PDT000021657.2,,,
PDT000021314.1,,,
PDT000021317.1,,,
PDT000021368.2,,,
PDT000021366.2,,,
PDT000021691.1,,,
PDT000021604.1,,,
PDT000021298.1,,,
PDT000021300.1,,,
PDT000021743.1,,,
PDT000021728.1,,,
PDT000021074.1,,,
PDT000021419.1,,,
PDT000021800.1,,,
PDT000021817.1,,,
PDT000021801.1,,,
PDT000021814.1,,,
PDT000021811.1,,,
PDT000021815.1,,,
PDT000021820.1,,,
PDT000021829.1,,,
PDT000021819.1,,,
PDT000021832.1,,,
PDT000021835.1,,,
PDT000021833.1,,,
PDT000021836.1,,,
PDT000021839.1,,,
PDT000021840.1,,,
PDT000021841.1,,,
PDT000021846.1,,,
PDT000021844.1,,,
PDT000021847.1,,,
PDT000021863.1,,,
PDT000021864.2,,,
PDT000021871.1,,,
PDT000021858.1,,,
PDT000021873.1,,,
PDT000021878.1,,,
PDT000021887.1,,,
PDT000021883.1,,,
PDT000021884.1,,,
PDT000021913.1,,,
PDT000021914.1,,,
PDT000021915.1,,,
PDT000021916.2,,,
PDT000021949.1,,,
PDT000021934.1,,,
PDT000021942.1,,,
PDT000021967.1,,,
PDT000021974.1,,,
PDT000022070.1,,,
PDT000022062.1,,,
PDT000022063.1,,,
PDT000022059.1,,,
PDT000022077.1,,,
PDT000022078.1,,,
PDT000022087.1,,,
PDT000022100.1,,,
PDT000022083.1,,,
PDT000022110.1,,,
PDT000022103.1,,,
PDT000022106.1,,,
PDT000022111.1,,,
PDT000022114.1,,,
PDT000022109.1,,,
PDT000022116.2,,,
PDT000022139.1,,,
PDT000022143.1,,,
PDT000022137.1,,,
PDT000022131.1,,,
PDT000022149.1,,,
PDT000022147.1,,,
PDT000022161.1,,,
PDT000022170.1,,,
PDT000022171.1,,,
PDT000022169.1,,,
PDT000022172.1,,,
PDT000022167.2,,,
PDT000022178.1,,,
PDT000022197.1,,,
PDT000022191.1,,,
PDT000022198.1,,,
PDT000022194.1,,,
PDT000022192.1,,,
PDT000022214.1,,,
PDT000022221.1,,,
PDT000022219.1,,,
PDT000022212.1,,,
PDT000022223.1,,,
PDT000022385.1,,,
PDT000022390.1,,,
PDT000022391.1,,,
PDT000022514.1,,,
PDT000022515.1,,,
PDT000022509.2,,,
PDT000022505.1,,,
PDT000022498.1,,,
PDT000022503.1,,,
PDT000022524.1,,,
PDT000022581.1,,,
PDT000022774.1,,,
PDT000022772.1,,,
PDT000022769.1,,,
PDT000022665.1,,,
PDT000022678.1,,,
PDT000022655.1,,,
PDT000022621.1,,,
PDT000022623.1,,,
PDT000022604.1,,,
PDT000022719.1,,,
PDT000022718.1,,,
PDT000022689.1,,,
PDT000022706.1,,,
PDT000022762.1,,,
PDT000022738.1,,,
PDT000022732.1,,,
PDT000022733.1,,,
PDT000022746.1,,,
PDT000022759.1,,,
PDT000022761.1,,,
PDT000022715.1,,,
PDT000022694.2,,,
PDT000022697.1,,,
PDT000022782.1,,,
PDT000022805.1,,,
PDT000022802.1,,,
PDT000022800.1,,,
PDT000022618.1,,,
PDT000022810.2,,,
PDT000022811.1,,,
PDT000022814.1,,,
PDT000022809.1,,,
PDT000022825.1,,,
PDT000022826.1,,,
PDT000022817.1,,,
PDT000022851.1,,,
PDT000022850.1,,,
PDT000022854.1,,,
PDT000022881.1,,,
PDT000022886.1,,,
PDT000022878.1,,,
PDT000022885.1,,,
PDT000022868.1,,,
PDT000022870.1,,,
PDT000022864.1,,,
PDT000022865.1,,,
PDT000022859.1,,,
PDT000022862.1,,,
PDT000022902.1,,,
PDT000022913.1,,,
PDT000022907.1,,,
PDT000022900.1,,,
PDT000022911.1,,,
PDT000022926.1,,,
PDT000022931.1,,,
PDT000022933.1,,,
PDT000022924.1,,,
PDT000022927.1,,,
PDT000022934.1,,,
PDT000022922.1,,,
PDT000022921.1,,,
PDT000022936.1,,,
PDT000022939.1,,,
PDT000022938.1,,,
PDT000022945.1,,,
PDT000022942.1,,,
PDT000022949.1,,,
PDT000022948.1,,,
PDT000022953.1,,,
PDT000022960.1,,,
PDT000022972.1,,,
PDT000022982.1,,,
PDT000022964.1,,,
PDT000022973.1,,,
PDT000022971.1,,,
PDT000022967.1,,,
PDT000022977.1,,,
PDT000022996.1,,,
PDT000022991.1,,,
PDT000022987.1,,,
PDT000022985.1,,,
PDT000022994.1,,,
PDT000022988.1,,,
PDT000023004.1,,,
PDT000023022.1,,,
PDT000023023.1,,,
PDT000023029.1,,,
PDT000023028.2,,,
PDT000023019.1,,,
PDT000023032.1,,,
PDT000023015.1,,,
PDT000023021.1,,,
PDT000023017.1,,,
PDT000023026.1,,,
PDT000023024.1,,,
PDT000023025.1,,,
PDT000023088.1,,,
PDT000023087.2,,,
PDT000023099.1,,,
PDT000023161.1,,,
PDT000023173.1,,,
PDT000023177.1,,,
PDT000023183.1,,,
PDT000023180.1,,,
PDT000023191.1,,,
PDT000023182.1,,,
PDT000023184.1,,,
PDT000023185.1,,,
PDT000023189.1,,,
PDT000023190.1,,,
PDT000023203.1,,,
PDT000023200.1,,,
PDT000023228.1,,,
PDT000023234.1,,,
PDT000023230.1,,,
PDT000023222.2,,,
PDT000023238.1,,,
PDT000023226.1,,,
PDT000023227.1,,,
PDT000023366.1,,,
PDT000023376.1,,,
PDT000023372.1,,,
PDT000023378.1,,,
PDT000023374.1,,,
PDT000023380.1,,,
PDT000023386.1,,,
PDT000023388.1,,,
PDT000023400.1,,,
PDT000023404.1,,,
PDT000023417.1,,,
PDT000023421.1,,,
PDT000023426.1,,,
PDT000023423.1,,,
PDT000023429.1,,,
PDT000023428.1,,,
PDT000023433.1,,,
PDT000023506.1,,,
PDT000023505.1,,,
PDT000023515.1,,,
PDT000023511.1,,,
PDT000023510.1,,,
PDT000023521.2,,,
PDT000023520.1,,,
PDT000023549.1,,,
PDT000023546.2,,,
PDT000023544.1,,,
PDT000023552.1,,,
PDT000023553.1,,,
PDT000026156.1,0,,PDS000000784.1
PDT000026956.1,0,,PDS000000644.1
PDT000026958.1,0,,PDS000000766.1
PDT000026961.1,0,,PDS000000644.1
PDT000026962.1,0,,PDS000000917.1
PDT000026964.1,0,,PDS000000688.1
PDT000026966.1,0,,PDS000000670.1
PDT000026967.1,0,,PDS000000928.1
PDT000026968.1,0,,PDS000000924.1
PDT000026969.1,0,,PDS000000744.1
PDT000026971.1,0,,PDS000000903.1
PDT000026973.1,0,,PDS000000805.1
PDT000026984.1,0,,PDS000000909.1
PDT000026985.1,0,,PDS000000867.1
PDT000026986.1,0,,PDS000000944.1
PDT000026992.1,0,,PDS000000644.1
PDT000026997.1,0,,PDS000000694.1
PDT000027000.1,0,,PDS000000799.1
PDT000027003.1,0,,PDS000000780.1
PDT000027005.1,0,,PDS000000780.1
PDT000027007.1,0,,PDS000000805.1
PDT000027009.1,0,,PDS000000805.1
PDT000027010.1,0,,PDS000000780.1
PDT000027011.1,0,,PDS000000817.1
PDT000027014.1,0,,PDS000000965.1
PDT000027017.1,0,,PDS000000817.1
PDT000027018.1,0,,PDS000000805.1
PDT000027021.1,0,,PDS000000780.1
PDT000027022.1,0,,PDS000000768.1
PDT000027023.1,0,,PDS000000768.1
PDT000027024.1,0,,PDS000000768.1
PDT000027025.1,0,,PDS000000756.1
PDT000027028.1,0,,PDS000000756.1
PDT000027034.1,0,,PDS000000718.1
PDT000027036.1,0,,PDS000000706.1
PDT000027037.1,0,,PDS000000718.1
PDT000027039.1,0,,PDS000000718.1
PDT000027040.1,0,,PDS000000706.1
PDT000027041.1,0,,PDS000000718.1
PDT000027042.1,0,,PDS000000718.1
PDT000027043.1,0,,PDS000000706.1
PDT000027044.1,0,,PDS000000909.1
PDT000027046.1,0,,PDS000000694.1
PDT000027047.1,0,,PDS000000682.1
PDT000027048.1,0,,PDS000000694.1
PDT000027049.1,0,,PDS000000682.1
PDT000027050.1,0,,PDS000000903.1
PDT000027051.1,0,,PDS000000965.1
PDT000027052.1,0,,PDS000000965.1
PDT000027054.1,0,,PDS000000657.1
PDT000027055.1,0,,PDS000000633.1
PDT000027056.1,0,,PDS000000670.1
PDT000027057.1,0,,PDS000000657.1
PDT000027058.1,0,,PDS000000756.1
PDT000027061.1,0,,PDS000000909.1
PDT000027063.1,0,,PDS000000645.1
PDT000027064.1,0,,PDS000000645.1
PDT000027070.1,0,,PDS000000945.1
PDT000027072.1,0,,PDS000000945.1
PDT000027076.1,0,,PDS000000942.1
PDT000027077.1,0,,PDS000000942.1
PDT000027081.1,0,,PDS000000941.1
PDT000027082.1,0,,PDS000000941.1
PDT000027083.1,0,,PDS000000940.1
PDT000027084.1,0,,PDS000000940.1
PDT000027086.1,0,,PDS000000938.1
PDT000027087.1,0,,PDS000000938.1
PDT000027088.1,0,,PDS000000938.1
PDT000027091.1,0,,PDS000000937.1
PDT000027094.1,0,,PDS000000937.1
PDT000027098.1,0,,PDS000000935.1
PDT000027099.1,0,,PDS000000934.1
PDT000027111.1,0,,PDS000000928.1
PDT000027112.1,0,,PDS000000926.1
PDT000027113.1,0,,PDS000000926.1
PDT000027115.1,0,,PDS000000934.1
PDT000027116.1,0,,PDS000000923.1
PDT000027118.1,0,,PDS000000699.1
PDT000027119.1,0,,PDS000000855.1
PDT000027120.1,0,,PDS000000925.1
PDT000027121.1,0,,PDS000000924.1
PDT000027125.1,0,,PDS000000928.1
PDT000027127.1,0,,PDS000000923.1
PDT000027129.1,0,,PDS000000755.1
PDT000027130.1,0,,PDS000000755.1
PDT000027134.1,0,,PDS000000911.1
PDT000027135.1,0,,PDS000000926.1
PDT000027137.1,0,,PDS000000777.1
PDT000027139.1,0,,PDS000000855.1
PDT000027140.1,0,,PDS000000855.1
PDT000027143.1,0,,PDS000000677.1
PDT000027144.1,0,,PDS000000922.1
PDT000027145.1,0,,PDS000000922.1
PDT000027147.1,0,,PDS000000777.1
PDT000027149.1,0,,PDS000000920.1
PDT000027150.1,0,,PDS000000920.1
PDT000027153.1,0,,PDS000000944.1
PDT000027155.1,0,,PDS000000914.1
PDT000027157.1,0,,PDS000000744.1
PDT000027158.1,0,,PDS000000917.1
PDT000027162.1,0,,PDS000000914.1
PDT000027163.1,0,,PDS000000688.1
PDT000027164.1,0,,PDS000000923.1
PDT000027165.1,0,,PDS000000934.1
PDT000027166.1,0,,PDS000000699.1
PDT000027168.1,0,,PDS000000699.1
PDT000027172.1,0,,PDS000000911.1
PDT000027173.1,0,,PDS000000925.1
PDT000027177.1,0,,PDS000000911.1
PDT000027180.1,0,,PDS000000935.1
PDT000027187.1,0,,PDS000000766.1
PDT000027189.1,0,,PDS000000655.1
PDT000027190.1,0,,PDS000000699.1
PDT000027191.1,0,,PDS000000777.1
PDT000027194.1,0,,PDS000000799.1
PDT000027195.1,0,,PDS000000799.1
PDT000027196.1,0,,PDS000000799.1
PDT000027198.1,0,,PDS000000799.1
PDT000027203.1,0,,PDS000000799.1
PDT000027204.1,0,,PDS000000877.1
PDT000027205.1,0,,PDS000000877.1
PDT000027206.1,0,,PDS000000866.1
PDT000027207.1,0,,PDS000000799.1
PDT000027208.1,0,,PDS000000866.1
PDT000027209.1,0,,PDS000000799.1
PDT000027211.1,0,,PDS000000924.1
PDT000027214.1,0,,PDS000000799.1
PDT000027215.1,0,,PDS000000799.1
PDT000027216.1,0,,PDS000000799.1
PDT000027217.1,0,,PDS000000799.1
PDT000027218.1,0,,PDS000000768.1
PDT000027226.1,0,,PDS000000799.1
PDT000027227.1,0,,PDS000000799.1
PDT000027229.1,0,,PDS000000710.1
PDT000027230.1,0,,PDS000000799.1
PDT000027231.1,0,,PDS000000777.1
PDT000027232.1,0,,PDS000000799.1
PDT000027233.1,0,,PDS000000777.1
PDT000027234.1,0,,PDS000000710.1
PDT000027235.1,0,,PDS000000710.1
PDT000027237.1,0,,PDS000000710.1
PDT000027238.1,0,,PDS000000710.1
PDT000027239.1,0,,PDS000000710.1
PDT000027241.1,0,,PDS000000710.1
PDT000027242.1,0,,PDS000000710.1
PDT000027243.1,0,,PDS000000710.1
PDT000027244.1,0,,PDS000000710.1
PDT000027245.1,0,,PDS000000710.1
PDT000027247.1,0,,PDS000000710.1
PDT000027249.1,0,,PDS000000710.1
PDT000027250.1,0,,PDS000000710.1
PDT000027251.1,0,,PDS000000710.1
PDT000027252.1,0,,PDS000000710.1
PDT000027253.1,0,,PDS000000744.1
PDT000027255.1,0,,PDS000000710.1
PDT000027256.1,0,,PDS000000710.1
PDT000027257.1,0,,PDS000000710.1
PDT000027258.1,0,,PDS000000710.1
PDT000027260.1,0,,PDS000000732.1
PDT000027261.1,0,,PDS000000732.1
PDT000027263.1,0,,PDS000000710.1
PDT000027264.1,0,,PDS000000710.1
PDT000027265.1,0,,PDS000000710.1
PDT000027266.1,0,,PDS000000710.1
PDT000027267.1,0,,PDS000000867.1
PDT000027268.1,0,,PDS000000732.1
PDT000027270.1,0,,PDS000000710.1
PDT000027273.1,0,,PDS000000710.1
PDT000027275.1,0,,PDS000000710.1
PDT000027276.1,0,,PDS000000710.1
PDT000027277.1,0,,PDS000000699.1
PDT000027278.1,0,,PDS000000710.1
PDT000027279.1,0,,PDS000000699.1
PDT000027281.1,0,,PDS000000688.1
PDT000027282.1,0,,PDS000000677.1
PDT000027283.1,0,,PDS000000677.1
PDT000027285.1,0,,PDS000000710.1
PDT000027286.1,0,,PDS000000710.1
PDT000027290.1,0,,PDS000000655.1
PDT000027291.1,0,,PDS000000694.1
PDT000027292.1,0,,PDS000000755.1
PDT000027293.1,0,,PDS000000633.1
PDT000027295.1,0,,PDS000000965.1
PDT000027298.1,0,,PDS000000866.1
PDT000027302.1,0,,PDS000000718.1
PDT000024149.1,0,,PDS000000763.1
PDT000024150.1,0,,PDS000000769.1
PDT000024151.1,0,,PDS000000762.1
PDT000024210.1,0,,PDS000000901.1
PDT000024211.1,0,,PDS000000632.1
PDT000024212.1,0,,PDS000000901.1
PDT000024213.1,0,,PDS000000901.1
PDT000024222.1,0,,PDS000000902.1
PDT000024226.1,0,,PDS000000902.1
PDT000024231.1,0,,PDS000000901.1
PDT000024235.1,0,,PDS000000901.1
PDT000024238.1,0,,PDS000000632.1
PDT000024243.1,0,,PDS000000900.1
PDT000024244.1,0,,PDS000000900.1
PDT000024502.1,0,,PDS000000889.1
PDT000024509.1,0,,PDS000000889.1
PDT000024516.1,0,,PDS000000887.1
PDT000024531.1,0,,PDS000000889.1
PDT000024532.1,0,,PDS000000889.1
PDT000024534.1,0,,PDS000000887.1
PDT000024586.1,0,,PDS000000885.1
PDT000024853.1,0,,PDS000000885.1
PDT000023814.1,0,,PDS000000856.1
PDT000023816.1,0,,PDS000000856.1
PDT000023860.1,0,,PDS000000850.1
PDT000023861.1,0,,PDS000000850.1
PDT000023862.1,0,,PDS000000850.1
PDT000023863.1,0,,PDS000000850.1
PDT000023864.1,0,,PDS000000850.1
PDT000024027.1,0,,PDS000000839.1
PDT000024029.1,0,,PDS000000839.1
PDT000025404.1,0,,PDS000000823.1
PDT000025423.1,0,,PDS000000816.1
PDT000025424.1,0,,PDS000000816.1
PDT000025427.1,0,,PDS000000816.1
PDT000025428.1,0,,PDS000000816.1
PDT000025430.1,0,,PDS000000816.1
PDT000025432.1,0,,PDS000000816.1
PDT000025439.1,0,,PDS000000815.1
PDT000025447.1,0,,PDS000000814.1
PDT000025458.1,0,,PDS000000814.1
PDT000025463.1,0,,PDS000000812.1
PDT000025465.1,0,,PDS000000815.1
PDT000025469.1,0,,PDS000000814.1
PDT000025499.1,0,,PDS000000812.1
PDT000025504.1,0,,PDS000000812.1
PDT000025515.1,0,,PDS000000812.1
PDT000025584.1,0,,PDS000000809.1
PDT000025594.1,0,,PDS000000809.1
PDT000024088.1,0,,PDS000000789.1
PDT000024089.1,0,,PDS000000789.1
PDT000024092.1,0,,PDS000000789.1
PDT000025893.1,0,,PDS000000784.1
PDT000010127.1,0,,PDS000000823.1
PDT000010300.1,0,,PDS000000770.1
PDT000010301.1,0,,PDS000000770.1
PDT000010302.1,0,,PDS000000770.1
PDT000010304.1,0,,PDS000000770.1
PDT000010305.1,0,,PDS000000770.1
PDT000010306.1,0,,PDS000000770.1
PDT000010307.1,0,,PDS000000770.1
PDT000010308.1,0,,PDS000000770.1
PDT000010310.1,0,,PDS000000770.1
PDT000010311.1,0,,PDS000000770.1
PDT000010312.1,0,,PDS000000770.1
PDT000010313.1,0,,PDS000000770.1
PDT000010314.1,0,,PDS000000770.1
PDT000010315.1,0,,PDS000000770.1
PDT000010317.1,0,,PDS000000770.1
PDT000010318.1,0,,PDS000000770.1
PDT000010319.1,0,,PDS000000770.1
PDT000010723.1,0,,PDS000000769.1
PDT000010731.1,0,,PDS000000762.1
PDT000010733.1,0,,PDS000000763.1
PDT000009021.1,0,,PDS000000759.1
PDT000009023.1,0,,PDS000000759.1
PDT000009024.2,0,,PDS000000759.1
PDT000009025.1,0,,PDS000000759.1
PDT000009027.1,0,,PDS000000758.1
PDT000009028.1,0,,PDS000000758.1
PDT000009029.1,0,,PDS000000758.1
PDT000009030.1,0,,PDS000000758.1
PDT000009031.1,0,,PDS000000757.1
PDT000009033.1,0,,PDS000000757.1
PDT000009037.1,0,,PDS000000753.1
PDT000009038.1,0,,PDS000000753.1
PDT000009039.1,0,,PDS000000753.1
PDT000009040.1,0,,PDS000000752.1
PDT000009041.1,0,,PDS000000752.1
PDT000009042.1,0,,PDS000000752.1
PDT000009043.1,0,,PDS000000752.1
PDT000009044.1,0,,PDS000000752.1
PDT000009045.1,0,,PDS000000752.1
PDT000009046.1,0,,PDS000000848.1
PDT000009047.1,0,,PDS000000848.1
PDT000009048.1,0,,PDS000000848.1
PDT000009049.1,0,,PDS000000848.1
PDT000009051.1,0,,PDS000000751.1
PDT000009053.1,0,,PDS000000751.1
PDT000009055.1,0,,PDS000000750.1
PDT000009056.1,0,,PDS000000750.1
PDT000009057.1,0,,PDS000000750.1
PDT000009058.1,0,,PDS000000750.1
PDT000009059.1,0,,PDS000000750.1
PDT000009060.1,0,,PDS000000750.1
PDT000009061.1,0,,PDS000000749.1
PDT000009062.1,0,,PDS000000749.1
PDT000009063.1,0,,PDS000000749.1
PDT000009064.1,0,,PDS000000749.1
PDT000009065.1,0,,PDS000000749.1
PDT000009079.1,0,,PDS000000746.1
PDT000009080.2,0,,PDS000000746.1
PDT000009081.1,0,,PDS000000746.1
PDT000009082.1,0,,PDS000000746.1
PDT000009083.1,0,,PDS000000746.1
PDT000009087.2,0,,PDS000000741.1
PDT000009088.1,0,,PDS000000741.1
PDT000009089.2,0,,PDS000000741.1
PDT000009090.1,0,,PDS000000741.1
PDT000009092.1,0,,PDS000000745.1
PDT000009093.1,0,,PDS000000745.1
PDT000009095.1,0,,PDS000000745.1
PDT000009096.1,0,,PDS000000741.1
PDT000009097.1,0,,PDS000000740.1
PDT000009098.1,0,,PDS000000740.1
PDT000009099.1,0,,PDS000000740.1
PDT000009100.1,0,,PDS000000740.1
PDT000009101.1,0,,PDS000000740.1
PDT000009102.1,0,,PDS000000740.1
PDT000009103.1,0,,PDS000000740.1
PDT000009104.1,0,,PDS000000740.1
PDT000009110.1,0,,PDS000000738.1
PDT000009112.2,0,,PDS000000738.1
PDT000009114.1,0,,PDS000000738.1
PDT000009118.1,0,,PDS000000738.1
PDT000009121.1,0,,PDS000000737.1
PDT000009122.1,0,,PDS000000737.1
PDT000009124.1,0,,PDS000000736.1
PDT000009125.1,0,,PDS000000736.1
PDT000017264.1,0,,PDS000000731.1
PDT000017265.1,0,,PDS000000731.1
PDT000017266.1,0,,PDS000000731.1
PDT000017267.1,0,,PDS000000731.1
PDT000017268.1,0,,PDS000000731.1
PDT000017269.1,0,,PDS000000731.1
PDT000017272.1,0,,PDS000000731.1
PDT000017273.1,0,,PDS000000731.1
PDT000014315.2,0,,PDS000000727.1
PDT000014317.2,0,,PDS000000727.1
PDT000014318.1,0,,PDS000000727.1
PDT000014319.1,0,,PDS000000727.1
PDT000014340.1,0,,PDS000000726.1
PDT000014341.1,0,,PDS000000726.1
PDT000014344.2,0,,PDS000000725.1
PDT000014347.2,0,,PDS000000725.1
PDT000014352.1,0,,PDS000000723.1
PDT000014354.1,0,,PDS000000723.1
PDT000014357.1,0,,PDS000000722.1
PDT000014358.1,0,,PDS000000722.1
PDT000014367.1,0,,PDS000000720.1
PDT000014368.1,0,,PDS000000720.1
PDT000014369.1,0,,PDS000000720.1
PDT000014380.1,0,,PDS000000719.1
PDT000014381.2,0,,PDS000000717.1
PDT000014385.1,0,,PDS000000717.1
PDT000014387.1,0,,PDS000000717.1
PDT000014388.1,0,,PDS000000717.1
PDT000014390.1,0,,PDS000000719.1
PDT000014392.2,0,,PDS000000719.1
PDT000014395.1,0,,PDS000000714.1
PDT000014396.1,0,,PDS000000714.1
PDT000014397.1,0,,PDS000000713.1
PDT000014398.1,0,,PDS000000714.1
PDT000014399.1,0,,PDS000000714.1
PDT000014400.1,0,,PDS000000713.1
PDT000014405.1,0,,PDS000000712.1
PDT000014406.2,0,,PDS000000712.1
PDT000014407.1,0,,PDS000000711.1
PDT000014408.1,0,,PDS000000711.1
PDT000014410.1,0,,PDS000000711.1
PDT000014411.1,0,,PDS000000711.1
PDT000014412.1,0,,PDS000000711.1
PDT000014414.1,0,,PDS000000711.1
PDT000014417.1,0,,PDS000000709.1
PDT000014419.1,0,,PDS000000709.1
PDT000014421.1,0,,PDS000000709.1
PDT000014427.1,0,,PDS000000705.1
PDT000014432.1,0,,PDS000000707.1
PDT000014433.1,0,,PDS000000707.1
PDT000014434.1,0,,PDS000000707.1
PDT000014435.2,0,,PDS000000713.1
PDT000014437.1,0,,PDS000000713.1
PDT000014438.1,0,,PDS000000705.1
PDT000014439.1,0,,PDS000000705.1
PDT000014440.1,0,,PDS000000705.1
PDT000014441.2,0,,PDS000000705.1
PDT000014444.1,0,,PDS000000705.1
PDT000014445.1,0,,PDS000000704.1
PDT000014447.1,0,,PDS000000704.1
PDT000014448.1,0,,PDS000000704.1
PDT000014450.1,0,,PDS000000704.1
PDT000014451.1,0,,PDS000000704.1
PDT000014452.1,0,,PDS000000704.1
PDT000014454.1,0,,PDS000000702.1
PDT000014457.1,0,,PDS000000700.1
PDT000014458.1,0,,PDS000000700.1
PDT000014459.1,0,,PDS000000701.1
PDT000014465.1,0,,PDS000000702.1
PDT000014466.1,0,,PDS000000701.1
PDT000014468.1,0,,PDS000000701.1
PDT000014469.1,0,,PDS000000700.1
PDT000014471.1,0,,PDS000000698.1
PDT000014472.1,0,,PDS000000698.1
PDT000014473.1,0,,PDS000000698.1
PDT000014474.1,0,,PDS000000698.1
PDT000014475.1,0,,PDS000000698.1
PDT000014477.1,0,,PDS000000698.1
PDT000014481.1,0,,PDS000000696.1
PDT000014483.2,0,,PDS000000696.1
PDT000014484.1,0,,PDS000000696.1
PDT000020853.1,0,,PDS000000681.1
PDT000020854.1,0,,PDS000000681.1
PDT000020798.1,0,,PDS000000679.1
PDT000020797.1,0,,PDS000000679.1
PDT000020796.1,0,,PDS000000679.1
PDT000020795.1,0,,PDS000000679.1
PDT000020794.2,0,,PDS000000679.1
PDT000020817.1,0,,PDS000000673.1
PDT000020840.2,0,,PDS000000673.1
PDT000020763.1,0,,PDS000000669.1
PDT000020764.1,0,,PDS000000669.1
PDT000020765.1,0,,PDS000000669.1
PDT000020766.1,0,,PDS000000669.1
PDT000020821.1,0,,PDS000000665.1
PDT000020820.1,0,,PDS000000665.1
PDT000020681.1,0,,PDS000000659.1
PDT000020682.1,0,,PDS000000659.1
PDT000020745.1,0,,PDS000000656.1
PDT000020702.1,0,,PDS000000656.1
PDT000020699.1,0,,PDS000000656.1
PDT000020690.2,0,,PDS000000656.1
PDT000020833.1,0,,PDS000000656.1
PDT000022500.1,0,,PDS000000687.1
PDT000022525.1,0,,PDS000000687.1
PDT000026959.1,1,,PDS000000944.1
PDT000026970.1,1,,PDS000000829.1
PDT000026972.1,1,,PDS000000788.1
PDT000026974.1,1,,PDS000000821.1
PDT000026975.1,1,,PDS000000891.1
PDT000026977.1,1,,PDS000000891.1
PDT000026979.1,1,,PDS000000780.1
PDT000026981.1,1,,PDS000000879.1
PDT000026983.1,1,,PDS000000879.1
PDT000026988.1,1,,PDS000000945.1
PDT000026995.1,1,,PDS000000718.1
PDT000027004.1,1,,PDS000000829.1
PDT000027006.1,1,,PDS000000829.1
PDT000027026.1,1,,PDS000000742.1
PDT000027029.1,1,,PDS000000742.1
PDT000027053.1,1,,PDS000000633.1
PDT000027067.1,1,,PDS000000951.1
PDT000027069.1,1,,PDS000000951.1
PDT000027074.1,1,,PDS000000944.1
PDT000027090.1,1,,PDS000000899.1
PDT000027105.1,1,,PDS000000933.1
PDT000027108.1,1,,PDS000000930.1
PDT000027117.1,1,,PDS000000926.1
PDT000027123.1,1,,PDS000000924.1
PDT000027132.1,1,,PDS000000755.1
PDT000027136.1,1,,PDS000000908.1
PDT000027148.1,1,,PDS000000920.1
PDT000027151.1,1,,PDS000000919.1
PDT000027152.1,1,,PDS000000912.1
PDT000027159.1,1,,PDS000000916.1
PDT000027161.1,1,,PDS000000916.1
PDT000027169.1,1,,PDS000000912.1
PDT000027179.1,1,,PDS000000930.1
PDT000027181.1,1,,PDS000000916.1
PDT000027186.1,1,,PDS000000908.1
PDT000027197.1,1,,PDS000000906.1
PDT000027199.1,1,,PDS000000906.1
PDT000027201.1,1,,PDS000000899.1
PDT000027210.1,1,,PDS000000933.1
PDT000027212.1,1,,PDS000000855.1
PDT000027222.1,1,,PDS000000821.1
PDT000027225.1,1,,PDS000000821.1
PDT000027228.1,1,,PDS000000788.1
PDT000027236.1,1,,PDS000000919.1
PDT000027259.1,1,,PDS000000721.1
PDT000027271.1,1,,PDS000000721.1
PDT000027274.1,1,,PDS000000710.1
PDT000024220.1,1,,PDS000000897.1
PDT000024251.1,1,,PDS000000897.1
PDT000024589.1,1,,PDS000000884.1
PDT000024591.1,1,,PDS000000884.1
PDT000025106.1,1,,PDS000000872.1
PDT000025138.1,1,,PDS000000872.1
PDT000023802.1,1,,PDS000000858.1
PDT000023818.1,1,,PDS000000858.1
PDT000023843.1,1,,PDS000000851.1
PDT000023987.1,1,,PDS000000851.1
PDT000025400.1,1,,PDS000000826.1
PDT000025408.1,1,,PDS000000818.1
PDT000025425.1,1,,PDS000000816.1
PDT000025426.1,1,,PDS000000816.1
PDT000025608.1,1,,PDS000000807.1
PDT000025609.1,1,,PDS000000807.1
PDT000024087.1,1,,PDS000000789.1
PDT000010125.1,1,,PDS000000826.1
PDT000009464.1,1,,PDS000000771.1
PDT000010122.1,1,,PDS000000818.1
PDT000009776.1,1,,PDS000000771.1
PDT000010303.1,1,,PDS000000770.1
PDT000010316.1,1,,PDS000000770.1
PDT000009022.1,1,,PDS000000759.1
PDT000009032.1,1,,PDS000000757.1
PDT000009035.1,1,,PDS000000754.1
PDT000009036.1,1,,PDS000000754.1
PDT000009050.1,1,,PDS000000848.1
PDT000009070.1,1,,PDS000000748.1
PDT000009072.1,1,,PDS000000748.1
PDT000017270.1,1,,PDS000000731.1
PDT000014306.1,1,,PDS000000728.1
PDT000014307.1,1,,PDS000000728.1
PDT000014308.1,1,,PDS000000728.1
PDT000014309.1,1,,PDS000000728.1
PDT000014310.1,1,,PDS000000728.1
PDT000014314.2,1,,PDS000000727.1
PDT000014316.1,1,,PDS000000727.1
PDT000014320.1,1,,PDS000000727.1
PDT000014356.1,1,,PDS000000722.1
PDT000014382.1,1,,PDS000000717.1
PDT000014403.1,1,,PDS000000712.1
PDT000014409.1,1,,PDS000000711.1
PDT000014413.1,1,,PDS000000711.1
PDT000014418.1,1,,PDS000000709.1
PDT000014420.1,1,,PDS000000709.1
PDT000014436.1,1,,PDS000000713.1
PDT000014443.1,1,,PDS000000705.1
PDT000014456.1,1,,PDS000000700.1
PDT000014467.2,1,,PDS000000700.1
PDT000014476.1,1,,PDS000000698.1
PDT000014478.1,1,,PDS000000697.1
PDT000014480.1,1,,PDS000000697.1
PDT000014482.1,1,,PDS000000696.1
PDT000020792.1,1,,PDS000000678.1
PDT000020790.1,1,,PDS000000678.1
PDT000020812.1,1,,PDS000000676.1
PDT000020813.2,1,,PDS000000676.1
PDT000020809.1,1,,PDS000000673.1
PDT000020841.1,1,,PDS000000673.1
PDT000020826.1,1,,PDS000000667.1
PDT000020825.1,1,,PDS000000667.1
PDT000020805.1,1,,PDS000000661.1
PDT000020806.1,1,,PDS000000661.1
PDT000020799.1,1,,PDS000000661.1
PDT000020739.1,1,,PDS000000656.1
PDT000021662.1,1,,PDS000000647.1
PDT000021141.1,1,,PDS000000647.1
PDT000022910.1,1,,PDS000000961.1
PDT000023198.1,1,,PDS000000961.1
PDT000026965.1,2,,PDS000000777.1
PDT000026980.1,2,,PDS000000913.1
PDT000026987.1,2,,PDS000000936.1
PDT000027015.1,2,,PDS000000805.1
PDT000027030.1,2,,PDS000000730.1
PDT000027031.1,2,,PDS000000730.1
PDT000027038.1,2,,PDS000000706.1
PDT000027095.1,2,,PDS000000936.1
PDT000027126.1,2,,PDS000000924.1
PDT000027167.1,2,,PDS000000913.1
PDT000027170.1,2,,PDS000000843.1
PDT000027182.1,2,,PDS000000909.1
PDT000027193.1,2,,PDS000000907.1
PDT000027200.1,2,,PDS000000905.1
PDT000027202.1,2,,PDS000000905.1
PDT000027213.1,2,,PDS000000843.1
PDT000027240.1,2,,PDS000000755.1
PDT000027289.1,2,,PDS000000907.1
PDT000027310.1,2,,PDS000000932.1
PDT000027312.1,2,,PDS000000932.1
PDT000027313.1,2,,PDS000000932.1
PDT000024798.1,2,,PDS000000882.1
PDT000024799.1,2,,PDS000000882.1
PDT000025401.1,2,,PDS000000825.1
PDT000025420.1,2,,PDS000000816.1
PDT000025421.1,2,,PDS000000816.1
PDT000025429.1,2,,PDS000000816.1
PDT000025433.1,2,,PDS000000816.1
PDT000025482.1,2,,PDS000000813.1
PDT000025485.1,2,,PDS000000813.1
PDT000024086.1,2,,PDS000000790.1
PDT000024107.1,2,,PDS000000790.1
PDT000010154.1,2,,PDS000000825.1
PDT000010309.1,2,,PDS000000770.1
PDT000009105.1,2,,PDS000000739.1
PDT000009106.1,2,,PDS000000739.1
PDT000004875.1,2,,PDS000000734.1
PDT000004880.1,2,,PDS000000734.1
PDT000014305.1,2,,PDS000000728.1
PDT000014312.1,2,,PDS000000728.1
PDT000014342.1,2,,PDS000000724.1
PDT000014343.1,2,,PDS000000722.1
PDT000014349.1,2,,PDS000000724.1
PDT000014361.1,2,,PDS000000722.1
PDT000014424.1,2,,PDS000000708.1
PDT000014425.1,2,,PDS000000708.1
PDT000014429.2,2,,PDS000000708.1
PDT000014430.1,2,,PDS000000708.1
PDT000014431.1,2,,PDS000000708.1
PDT000014442.1,2,,PDS000000708.1
PDT000015630.1,2,,PDS000000695.1
PDT000015631.1,2,,PDS000000695.1
PDT000020789.2,2,,PDS000000676.1
PDT000020816.1,2,,PDS000000676.1
PDT000020810.1,2,,PDS000000673.1
PDT000020843.1,2,,PDS000000673.1
PDT000020760.2,2,,PDS000000671.1
PDT000020761.1,2,,PDS000000671.1
PDT000020762.1,2,,PDS000000671.1
PDT000020829.1,2,,PDS000000665.1
PDT000020807.1,2,,PDS000000662.1
PDT000020808.1,2,,PDS000000662.1
PDT000020903.1,2,,PDS000000653.1
PDT000020904.2,2,,PDS000000653.1
PDT000026978.1,3,,PDS000000975.1
PDT000027045.1,3,,PDS000000909.1
PDT000027065.1,3,,PDS000000975.1
PDT000024148.1,3,,PDS000000767.1
PDT000024152.1,3,,PDS000000764.1
PDT000024252.1,3,,PDS000000897.1
PDT000023769.1,3,,PDS000000852.1
PDT000023820.1,3,,PDS000000852.1
PDT000023897.1,3,,PDS000000848.1
PDT000025398.1,3,,PDS000000828.1
PDT000025422.1,3,,PDS000000816.1
PDT000025585.1,3,,PDS000000809.1
PDT000024091.1,3,,PDS000000787.1
PDT000024104.1,3,,PDS000000787.1
PDT000010150.1,3,,PDS000000828.1
PDT000010726.1,3,,PDS000000767.1
PDT000010732.1,3,,PDS000000764.1
PDT000014360.1,3,,PDS000000722.1
PDT000014462.1,3,,PDS000000703.1
PDT000014464.1,3,,PDS000000703.1
PDT000014479.1,3,,PDS000000697.1
PDT000020700.1,3,,PDS000000680.1
PDT000020850.1,3,,PDS000000680.1
PDT000020793.1,3,,PDS000000678.1
PDT000020815.1,3,,PDS000000676.1
PDT000020685.1,3,,PDS000000673.1
PDT000020803.1,3,,PDS000000664.1
PDT000020804.1,3,,PDS000000664.1
PDT000021654.1,3,,PDS000000642.1
PDT000021365.1,3,,PDS000000642.1
PDT000021953.1,3,,PDS000000638.1
PDT000021957.1,3,,PDS000000638.1
PDT000026976.1,4,,PDS000000891.1
PDT000027066.1,4,,PDS000000963.1
PDT000027068.1,4,,PDS000000963.1
PDT000027154.1,4,,PDS000000918.1
PDT000027156.1,4,,PDS000000918.1
PDT000027307.1,4,,PDS000000932.1
PDT000027309.1,4,,PDS000000932.1
PDT000024194.1,4,,PDS000000854.1
PDT000024197.1,4,,PDS000000743.1
PDT000024229.1,4,,PDS000000854.1
PDT000024247.1,4,,PDS000000743.1
PDT000023766.1,4,,PDS000000808.1
PDT000023908.1,4,,PDS000000840.1
PDT000023946.1,4,,PDS000000840.1
PDT000025606.1,4,,PDS000000808.1
PDT000024103.1,4,,PDS000000787.1
PDT000009107.1,4,,PDS000000739.1
PDT000009113.1,4,,PDS000000738.1
PDT000014426.1,4,,PDS000000708.1
PDT000014446.1,4,,PDS000000704.1
PDT000014449.1,4,,PDS000000704.1
PDT000020706.2,4,,PDS000000675.1
PDT000020707.1,4,,PDS000000675.1
PDT000026989.1,5,,PDS000000853.1
PDT000026999.1,5,,PDS000000841.1
PDT000027002.1,5,,PDS000000841.1
PDT000027071.1,5,,PDS000000853.1
PDT000027097.1,5,,PDS000000810.1
PDT000027102.1,5,,PDS000000934.1
PDT000027110.1,5,,PDS000000929.1
PDT000027114.1,5,,PDS000000929.1
PDT000027160.1,5,,PDS000000718.1
PDT000027221.1,5,,PDS000000832.1
PDT000027223.1,5,,PDS000000810.1
PDT000027254.1,5,,PDS000000744.1
PDT000027301.1,5,,PDS000000832.1
PDT000027311.1,5,,PDS000000932.1
PDT000027315.1,5,,PDS000000932.1
PDT000027316.1,5,,PDS000000932.1
PDT000024233.1,5,,PDS000000901.1
PDT000024248.1,5,,PDS000000743.1
PDT000025067.1,5,,PDS000000873.1
PDT000025078.1,5,,PDS000000873.1
PDT000025147.1,5,,PDS000000837.1
PDT000025283.1,5,,PDS000000837.1
PDT000025438.1,5,,PDS000000815.1
PDT000025577.1,5,,PDS000000811.1
PDT000025590.1,5,,PDS000000811.1
PDT000014422.1,5,,PDS000000709.1
PDT000018959.1,5,,PDS000000948.1
PDT000020855.1,5,,PDS000000680.1
PDT000020791.1,5,,PDS000000678.1
PDT000020814.1,5,,PDS000000676.1
PDT000020818.1,5,,PDS000000673.1
PDT000020819.1,5,,PDS000000673.1
PDT000020824.1,5,,PDS000000668.1
PDT000020823.1,5,,PDS000000668.1
PDT000021605.1,5,,PDS000000640.1
PDT000021457.1,5,,PDS000000640.1
PDT000023186.1,5,,PDS000000948.1
PDT000026223.1,6,,PDS000000888.1
PDT000026225.1,6,,PDS000000888.1
PDT000026982.1,6,,PDS000000666.1
PDT000027184.1,6,,PDS000000908.1
PDT000027288.1,6,,PDS000000666.1
PDT000024205.1,6,,PDS000000902.1
PDT000024206.1,6,,PDS000000902.1
PDT000024224.1,6,,PDS000000902.1
PDT000024227.1,6,,PDS000000901.1
PDT000024469.1,6,,PDS000000881.1
PDT000024470.1,6,,PDS000000881.1
PDT000023761.1,6,,PDS000000862.1
PDT000023902.1,6,,PDS000000847.1
PDT000023935.1,6,,PDS000000847.1
PDT000023952.1,6,,PDS000000862.1
PDT000025431.1,6,,PDS000000816.1
PDT000004873.1,6,,PDS000000734.1
PDT000020352.1,6,,PDS000000690.1
PDT000022876.1,6,,PDS000000690.1
PDT000024153.1,7,,PDS000000761.1
PDT000024587.1,7,,PDS000000785.1
PDT000024588.1,7,,PDS000000785.1
PDT000025399.1,7,,PDS000000827.1
PDT000025717.1,7,,PDS000000796.1
PDT000025726.1,7,,PDS000000796.1
PDT000010129.1,7,,PDS000000827.1
PDT000010748.1,7,,PDS000000761.1
PDT000014416.1,7,,PDS000000709.1
PDT000020729.1,7,,PDS000000674.1
PDT000020779.1,7,,PDS000000674.1
PDT000021663.1,7,,PDS000000647.1
PDT000026145.1,8,,PDS000000904.1
PDT000027035.1,8,,PDS000000718.1
PDT000024249.1,8,,PDS000000898.1
PDT000024250.1,8,,PDS000000898.1
PDT000025441.1,8,,PDS000000812.1
PDT000025812.1,8,,PDS000000904.1
PDT000004876.1,8,,PDS000000734.1
PDT000014394.1,8,,PDS000000715.1
PDT000014423.1,8,,PDS000000715.1
PDT000020306.1,8,,PDS000000652.1
PDT000020931.2,8,,PDS000000652.1
PDT000021423.1,8,,PDS000000647.1
PDT000021752.1,8,,PDS000000647.1
PDT000021838.1,8,,PDS000000652.1
PDT000021885.2,8,,PDS000000652.1
PDT000027308.1,9,,PDS000000932.1
PDT000023616.1,9,,PDS000000847.1
PDT000023936.1,9,,PDS000000847.1
PDT000025700.1,9,,PDS000000795.1
PDT000025701.1,9,,PDS000000795.1
PDT000025712.1,9,,PDS000000796.1
PDT000021597.1,9,,PDS000000646.1
PDT000021209.1,9,,PDS000000646.1
PDT000026228.1,10,,PDS000000888.1
PDT000027013.1,10,,PDS000000793.1
PDT000027019.1,10,,PDS000000793.1
PDT000025716.1,10,,PDS000000796.1
PDT000020423.1,10,,PDS000000794.1
PDT000020688.1,10,,PDS000000683.1
PDT000020846.1,10,,PDS000000683.1
PDT000021690.1,10,,PDS000000641.1
PDT000021601.1,10,,PDS000000641.1
PDT000021931.1,10,,PDS000000794.1
PDT000021969.1,10,,PDS000000794.1
PDT000022657.2,10,,PDS000000971.1
PDT000022749.1,10,,PDS000000971.1
PDT000022646.1,10,,PDS000000971.1
PDT000026203.1,11,,PDS000000888.1
PDT000027020.1,11,,PDS000000793.1
PDT000027272.1,11,,PDS000000721.1
PDT000009108.1,11,,PDS000000739.1
PDT000014383.1,11,,PDS000000716.1
PDT000014393.1,11,,PDS000000716.1
PDT000021465.1,11,,PDS000000647.1
PDT000021148.1,11,,PDS000000647.1
PDT000021374.1,11,,PDS000000647.1
PDT000024993.1,12,,PDS000000870.1
PDT000025110.1,12,,PDS000000870.1
PDT000025704.1,12,,PDS000000796.1
PDT000025729.1,12,,PDS000000796.1
PDT000024113.1,12,,PDS000000785.1
PDT000003787.1,12,,PDS000000775.1
PDT000004874.1,12,,PDS000000734.1
PDT000018654.1,12,,PDS000000775.1
PDT000020334.1,12,,PDS000000689.1
PDT000020368.1,12,,PDS000000689.1
PDT000021671.1,12,,PDS000000647.1
PDT000022858.1,12,,PDS000000652.1
PDT000024260.1,13,,PDS000000896.1
PDT000024267.1,13,,PDS000000896.1
PDT000003958.2,13,,PDS000000770.1
PDT000014401.1,13,,PDS000000714.1
PDT000021666.1,13,,PDS000000646.1
PDT000021661.1,13,,PDS000000646.1
PDT000003785.1,14,,PDS000000775.1
PDT000021425.1,14,,PDS000000648.1
PDT000021219.1,14,,PDS000000648.1
PDT000021215.1,14,,PDS000000648.1
PDT000022791.1,14,,PDS000000971.1
PDT000022852.1,14,,PDS000000962.1
PDT000022897.1,14,,PDS000000962.1
PDT000026152.1,15,,PDS000000658.1
PDT000025230.1,15,,PDS000000803.1
PDT000023773.1,15,,PDS000000658.1
PDT000023811.1,15,,PDS000000857.1
PDT000023812.1,15,,PDS000000857.1
PDT000025479.1,15,,PDS000000812.1
PDT000025513.1,15,,PDS000000812.1
PDT000025684.1,15,,PDS000000803.1
PDT000026004.1,15,,PDS000000778.1
PDT000026006.1,15,,PDS000000782.1
PDT000026025.1,15,,PDS000000776.1
PDT000026053.1,15,,PDS000000779.1
PDT000026056.1,15,,PDS000000779.1
PDT000026060.1,15,,PDS000000778.1
PDT000026067.1,15,,PDS000000782.1
PDT000026115.1,15,,PDS000000776.1
PDT000020290.1,15,,PDS000000634.1
PDT000020400.1,15,,PDS000000952.1
PDT000021221.1,15,,PDS000000648.1
PDT000021947.1,15,,PDS000000794.1
PDT000022061.1,15,,PDS000000636.1
PDT000022082.1,15,,PDS000000634.1
PDT000022969.1,15,,PDS000000794.1
PDT000023097.1,15,,PDS000000952.1
PDT000023232.1,15,,PDS000000636.1
PDT000023602.1,16,,PDS000000849.1
PDT000024922.1,16,,PDS000000876.1
PDT000024923.1,16,,PDS000000876.1
PDT000024953.1,16,,PDS000000872.1
PDT000025066.1,16,,PDS000000874.1
PDT000025081.1,16,,PDS000000874.1
PDT000025085.1,16,,PDS000000872.1
PDT000023896.1,16,,PDS000000849.1
PDT000026099.1,16,,PDS000000776.1
PDT000003786.1,16,,PDS000000775.1
PDT000025040.1,17,,PDS000000652.1
PDT000025102.1,17,,PDS000000871.1
PDT000025281.1,17,,PDS000000835.1
PDT000025296.1,17,,PDS000000835.1
PDT000018006.1,17,,PDS000000652.1
PDT000018957.1,17,,PDS000000871.1
PDT000019336.1,17,,PDS000000957.1
PDT000020363.1,17,,PDS000000691.1
PDT000022196.1,17,,PDS000000691.1
PDT000022932.1,17,,PDS000000957.1
PDT000022946.2,17,,PDS000000689.1
PDT000027280.1,18,,PDS000000867.1
PDT000025010.1,18,,PDS000000874.1
PDT000025719.1,18,,PDS000000795.1
PDT000024096.1,18,,PDS000000789.1
PDT000025999.1,18,,PDS000000782.1
PDT000026097.1,18,,PDS000000776.1
PDT000010742.1,18,,PDS000000760.1
PDT000010756.1,18,,PDS000000760.1
PDT000020280.1,18,,PDS000000974.1
PDT000020379.1,18,,PDS000000687.1
PDT000020842.1,18,,PDS000000673.1
PDT000022176.1,18,,PDS000000974.1
PDT000022506.1,18,,PDS000000950.1
PDT000023175.1,18,,PDS000000950.1
PDT000023693.1,19,,PDS000000881.1
PDT000026062.1,19,,PDS000000779.1
PDT000010752.1,19,,PDS000000760.1
PDT000022224.1,19,,PDS000000957.1
PDT000026235.1,20,,PDS000000888.1
PDT000024605.1,20,,PDS000000883.1
PDT000024606.1,20,,PDS000000883.1
PDT000023781.1,20,,PDS000000791.1
PDT000023904.1,20,,PDS000000845.1
PDT000023929.1,20,,PDS000000845.1
PDT000025873.1,20,,PDS000000791.1
PDT000024090.1,20,,PDS000000789.1
PDT000020834.1,20,,PDS000000654.1
PDT000020768.1,20,,PDS000000654.1
PDT000020662.1,20,,PDS000000687.1
PDT000022135.1,20,,PDS000000794.1
PDT000022213.1,20,,PDS000000794.1
PDT000022216.1,20,,PDS000000949.1
PDT000022741.1,20,,PDS000000970.1
PDT000022704.1,20,,PDS000000970.1
PDT000022930.1,20,,PDS000000794.1
PDT000023102.1,20,,PDS000000794.1
PDT000023176.1,20,,PDS000000949.1
PDT000024268.1,21,,PDS000000895.1
PDT000024282.1,21,,PDS000000895.1
PDT000004891.1,21,,PDS000000733.1
PDT000004892.1,21,,PDS000000733.1
PDT000020282.1,21,,PDS000000972.1
PDT000020430.2,21,,PDS000000794.1
PDT000020778.2,21,,PDS000000673.1
PDT000021750.1,21,,PDS000000646.1
PDT000022527.1,21,,PDS000000972.1
PDT000022981.1,21,,PDS000000959.1
PDT000023518.1,21,,PDS000000959.1
PDT000025062.1,22,,PDS000000686.1
PDT000010727.1,22,,PDS000000765.1
PDT000010765.1,22,,PDS000000765.1
PDT000018674.1,22,,PDS000000973.1
PDT000020335.1,22,,PDS000000973.1
PDT000020416.1,22,,PDS000000686.1
PDT000020838.1,22,,PDS000000660.1
PDT000020845.1,22,,PDS000000660.1
PDT000021586.1,22,,PDS000000648.1
PDT000022622.1,22,,PDS000000970.1
PDT000023236.1,22,,PDS000000973.1
PDT000023419.1,22,,PDS000000973.1
PDT000025043.1,23,,PDS000000838.1
PDT000025279.1,23,,PDS000000838.1
PDT000025480.1,23,,PDS000000812.1
PDT000004872.1,23,,PDS000000735.1
PDT000004878.1,23,,PDS000000735.1
PDT000020355.1,23,,PDS000000692.1
PDT000021428.1,23,,PDS000000649.1
PDT000021667.1,23,,PDS000000649.1
PDT000022142.1,23,,PDS000000949.1
PDT000022148.1,23,,PDS000000692.1
PDT000022383.1,23,,PDS000000973.1
PDT000025657.1,24,,PDS000000806.1
PDT000025661.1,24,,PDS000000806.1
PDT000010738.1,24,,PDS000000762.1
PDT000020344.1,24,,PDS000000712.1
PDT000022925.1,24,,PDS000000960.1
PDT000023002.1,24,,PDS000000960.1
PDT000024920.1,25,,PDS000000878.1
PDT000024921.1,25,,PDS000000878.1
PDT000025235.1,25,,PDS000000864.1
PDT000025236.1,25,,PDS000000864.1
PDT000023912.1,25,,PDS000000848.1
PDT000020324.1,25,,PDS000000651.1
PDT000020945.2,25,,PDS000000651.1
PDT000021968.1,25,,PDS000000637.1
PDT000022518.1,25,,PDS000000949.1
PDT000023187.1,25,,PDS000000637.1
PDT000026206.1,26,,PDS000000939.1
PDT000026217.1,26,,PDS000000915.1
PDT000026237.1,26,,PDS000000915.1
PDT000026239.1,26,,PDS000000939.1
PDT000020891.1,26,,PDS000000966.1
PDT000022813.1,26,,PDS000000966.1
PDT000023501.1,26,,PDS000000637.1
PDT000024973.1,27,,PDS000000869.1
PDT000024999.1,27,,PDS000000946.1
PDT000025118.1,27,,PDS000000871.1
PDT000025139.1,27,,PDS000000869.1
PDT000025688.1,27,,PDS000000801.1
PDT000025699.1,27,,PDS000000801.1
PDT000020321.1,27,,PDS000000652.1
PDT000020381.1,27,,PDS000000946.1
PDT000020655.1,27,,PDS000000956.1
PDT000020911.1,27,,PDS000000971.1
PDT000022993.2,27,,PDS000000956.1
PDT000024102.1,28,,PDS000000789.1
PDT000022060.1,28,,PDS000000947.1
PDT000022842.2,28,,PDS000000958.1
PDT000022983.1,28,,PDS000000959.1
PDT000022966.1,28,,PDS000000958.1
PDT000023003.1,28,,PDS000000957.1
PDT000023223.1,28,,PDS000000947.1
PDT000024275.1,29,,PDS000000895.1
PDT000025071.1,29,,PDS000000836.1
PDT000025285.1,29,,PDS000000836.1
PDT000025710.1,29,,PDS000000798.1
PDT000025711.1,29,,PDS000000798.1
PDT000009136.1,29,,PDS000000777.1
PDT000020417.1,29,,PDS000000685.1
PDT000020408.1,29,,PDS000000684.1
PDT000021599.1,29,,PDS000000650.1
PDT000021462.1,29,,PDS000000650.1
PDT000022394.1,29,,PDS000000685.1
PDT000023229.2,29,,PDS000000684.1
PDT000025715.1,30,,PDS000000797.1
PDT000025718.1,30,,PDS000000797.1
PDT000025813.1,30,,PDS000000794.1
PDT000021937.1,30,,PDS000000946.1
PDT000022156.2,30,,PDS000000953.1
PDT000022166.1,30,,PDS000000838.1
PDT000022183.1,30,,PDS000000964.1
PDT000022763.2,30,,PDS000000968.1
PDT000022638.1,30,,PDS000000968.1
PDT000022912.1,30,,PDS000000964.1
PDT000023085.1,30,,PDS000000953.1
PDT000023399.1,30,,PDS000000946.1
PDT000025722.1,31,,PDS000000795.1
PDT000020435.1,31,,PDS000000635.1
PDT000022097.1,31,,PDS000000635.1
PDT000027304.1,32,,PDS000000943.1
PDT000027306.1,32,,PDS000000943.1
PDT000025120.1,32,,PDS000000869.1
PDT000023865.1,32,,PDS000000850.1
PDT000023866.1,32,,PDS000000850.1
PDT000025662.1,32,,PDS000000806.1
PDT000025703.1,32,,PDS000000969.1
PDT000009674.1,32,,PDS000000672.1
PDT000020773.1,32,,PDS000000672.1
PDT000020741.2,32,,PDS000000777.1
PDT000021860.1,32,,PDS000000639.1
PDT000022066.1,32,,PDS000000639.1
PDT000022675.1,32,,PDS000000969.1
PDT000023020.1,32,,PDS000000955.1
PDT000023241.1,32,,PDS000000955.1
PDT000027104.1,33,,PDS000000931.1
PDT000027107.1,33,,PDS000000931.1
PDT000024290.1,33,,PDS000000893.1
PDT000024294.1,33,,PDS000000893.1
PDT000020771.1,34,,PDS000000673.1
PDT000024323.1,36,,PDS000000893.1
PDT000025055.1,36,,PDS000000875.1
PDT000025124.1,36,,PDS000000875.1
PDT000025708.1,36,,PDS000000800.1
PDT000025709.1,36,,PDS000000800.1
PDT000009248.1,37,,PDS000000774.1
PDT000009689.1,37,,PDS000000774.1
PDT000022756.1,37,,PDS000000967.1
PDT000022789.1,37,,PDS000000967.1
PDT000018666.1,38,,PDS000000775.1
PDT000025714.1,39,,PDS000000798.1
PDT000026207.1,41,,PDS000000939.1
PDT000020256.1,41,,PDS000000642.1
PDT000026234.1,42,,PDS000000888.1
PDT000024322.1,45,,PDS000000893.1
PDT000025687.1,46,,PDS000000802.1
PDT000025707.1,46,,PDS000000802.1
PDT000026213.1,47,,PDS000000927.1
PDT000026216.1,47,,PDS000000927.1
PDT000025675.1,48,,PDS000000804.1
PDT000025677.1,48,,PDS000000804.1
PDT000024348.1,52,,PDS000000892.1
PDT000024349.1,52,,PDS000000892.1
PDT000024288.1,64,,PDS000000894.1
PDT000024319.1,64,,PDS000000894.1
PDT000021596.1,68,,PDS000000643.1
PDT000021455.1,68,,PDS000000643.1
PDT000009405.1,,0,PDS000000773.1
PDT000009916.1,,0,PDS000000773.1
PDT000024134.1,0,0,PDS000000831.1
PDT000025396.1,0,0,PDS000000831.1
PDT000025403.1,0,0,PDS000000824.1
PDT000025406.1,0,0,PDS000000820.1
PDT000009149.1,0,0,PDS000000820.1
PDT000009203.1,0,0,PDS000000824.1
PDT000015694.1,0,0,PDS000000729.1
PDT000015726.1,0,0,PDS000000729.1
PDT000015727.1,0,0,PDS000000729.1
PDT000015728.1,0,0,PDS000000729.1
PDT000015729.1,0,0,PDS000000729.1
PDT000015730.1,0,0,PDS000000729.1
PDT000015695.1,0,0,PDS000000729.1
PDT000015696.1,0,0,PDS000000729.1
PDT000015697.1,0,0,PDS000000729.1
PDT000015698.1,0,0,PDS000000729.1
PDT000015699.1,0,0,PDS000000729.1
PDT000015700.1,0,0,PDS000000729.1
PDT000015701.2,0,0,PDS000000729.1
PDT000015702.1,0,0,PDS000000729.1
PDT000015703.1,0,0,PDS000000729.1
PDT000015704.1,0,0,PDS000000729.1
PDT000015705.1,0,0,PDS000000729.1
PDT000015707.1,0,0,PDS000000729.1
PDT000024554.1,1,0,PDS000000831.1
PDT000023558.1,1,0,PDS000000729.1
PDT000005322.1,18,0,PDS000000820.1
PDT000009754.1,20,0,PDS000000820.1
PDT000009205.1,20,0,PDS000000820.1
PDT000005321.2,25,0,PDS000000824.1
PDT000024548.1,,1,PDS000000886.1
PDT000015706.2,0,1,PDS000000729.1
PDT000015708.1,0,1,PDS000000729.1
PDT000015709.1,0,1,PDS000000729.1
PDT000015710.1,0,1,PDS000000729.1
PDT000015711.1,0,1,PDS000000729.1
PDT000015712.1,0,1,PDS000000729.1
PDT000015713.1,0,1,PDS000000729.1
PDT000015714.1,0,1,PDS000000729.1
PDT000015715.1,0,1,PDS000000729.1
PDT000015716.1,0,1,PDS000000729.1
PDT000015717.1,0,1,PDS000000729.1
PDT000015718.2,0,1,PDS000000729.1
PDT000015719.1,0,1,PDS000000729.1
PDT000015720.2,0,1,PDS000000729.1
PDT000015721.1,0,1,PDS000000729.1
PDT000015722.1,0,1,PDS000000729.1
PDT000015723.1,0,1,PDS000000729.1
PDT000015724.1,0,1,PDS000000729.1
PDT000015725.2,0,1,PDS000000729.1
PDT000017347.1,0,1,PDS000000886.1
PDT000017346.1,0,1,PDS000000886.1
PDT000023557.1,1,1,PDS000000729.1
PDT000023560.1,1,1,PDS000000729.1
PDT000021954.1,1,1,PDS000000831.1
PDT000021955.1,1,1,PDS000000831.1
PDT000021956.1,1,1,PDS000000831.1
PDT000017349.1,2,1,PDS000000886.1
PDT000017348.1,2,1,PDS000000886.1
PDT000010207.1,15,1,PDS000000820.1
PDT000009769.1,18,1,PDS000000820.1
PDT000023627.1,,2,PDS000000842.1
PDT000023939.1,,2,PDS000000842.1
PDT000023945.1,,2,PDS000000792.1
PDT000025870.1,,2,PDS000000792.1
PDT000010123.1,,2,PDS000000822.1
PDT000025222.1,0,2,PDS000000865.1
PDT000023831.1,0,2,PDS000000865.1
PDT000001810.1,0,2,PDS000000824.1
PDT000001811.1,0,2,PDS000000824.1
PDT000023556.1,1,2,PDS000000729.1
PDT000015632.1,1,2,PDS000000819.1
PDT000023854.1,2,2,PDS000000865.1
PDT000023559.1,2,2,PDS000000729.1
PDT000023561.1,2,2,PDS000000729.1
PDT000023928.1,3,2,PDS000000865.1
PDT000025405.1,4,2,PDS000000822.1
PDT000020733.1,6,2,PDS000000819.1
PDT000009150.1,7,2,PDS000000824.1
PDT000023615.1,,3,PDS000000693.1
PDT000025397.1,,3,PDS000000830.1
PDT000025673.1,,3,PDS000000861.1
PDT000010142.1,,3,PDS000000830.1
PDT000024608.1,0,3,PDS000000819.1
PDT000023984.1,0,3,PDS000000865.1
PDT000023985.1,0,3,PDS000000865.1
PDT000024037.1,0,3,PDS000000819.1
PDT000024041.1,0,3,PDS000000819.1
PDT000025407.1,0,3,PDS000000819.1
PDT000018604.1,0,3,PDS000000693.1
PDT000018605.1,0,3,PDS000000693.1
PDT000018606.1,0,3,PDS000000693.1
PDT000018607.1,0,3,PDS000000693.1
PDT000018599.1,0,3,PDS000000693.1
PDT000018608.1,0,3,PDS000000693.1
PDT000023830.1,1,3,PDS000000865.1
PDT000023562.1,2,3,PDS000000729.1
PDT000023767.1,5,3,PDS000000861.1
PDT000025915.1,9,3,PDS000000819.1
PDT000024910.1,,4,PDS000000890.1
PDT000023681.1,1,4,PDS000000890.1
PDT000024010.1,1,4,PDS000000865.1
PDT000018598.1,1,4,PDS000000693.1
PDT000023835.1,2,4,PDS000000865.1
PDT000023988.1,2,4,PDS000000865.1
PDT000015633.1,2,4,PDS000000819.1
PDT000023898.1,6,4,PDS000000819.1
PDT000015558.1,,5,PDS000000833.1
PDT000025217.1,0,5,PDS000000865.1
PDT000023829.1,0,5,PDS000000865.1
PDT000018386.1,0,5,PDS000000890.1
PDT000018385.1,0,5,PDS000000890.1
PDT000018388.1,0,5,PDS000000890.1
PDT000018384.1,0,5,PDS000000890.1
PDT000018383.1,0,5,PDS000000890.1
PDT000018397.1,0,5,PDS000000890.1
PDT000018396.1,0,5,PDS000000890.1
PDT000018394.1,0,5,PDS000000890.1
PDT000018393.1,0,5,PDS000000890.1
PDT000023856.1,1,5,PDS000000865.1
PDT000025394.1,1,5,PDS000000833.1
PDT000024353.1,3,5,PDS000000865.1
PDT000010155.1,3,5,PDS000000819.1
PDT000024143.1,9,5,PDS000000819.1
PDT000023836.1,0,6,PDS000000865.1
PDT000023838.1,0,6,PDS000000865.1
PDT000018391.1,0,6,PDS000000890.1
PDT000018387.1,0,6,PDS000000890.1
PDT000018395.1,0,6,PDS000000890.1
PDT000023855.1,1,6,PDS000000865.1
PDT000025402.1,1,6,PDS000000833.1
PDT000023841.1,2,6,PDS000000865.1
PDT000023844.1,2,6,PDS000000865.1
PDT000018609.2,3,6,PDS000000693.1
PDT000009352.1,4,6,PDS000000822.1
PDT000020852.1,8,6,PDS000000819.1
PDT000023907.1,12,6,PDS000000865.1
PDT000023629.1,,7,PDS000000846.1
PDT000023927.1,,7,PDS000000846.1
PDT000018390.1,0,7,PDS000000890.1
PDT000018389.1,0,7,PDS000000890.1
PDT000018392.1,0,7,PDS000000890.1
PDT000023983.1,2,7,PDS000000865.1
PDT000023839.1,3,7,PDS000000865.1
PDT000024136.1,7,7,PDS000000831.1
PDT000025392.1,,8,PDS000000834.1
PDT000010139.1,,8,PDS000000834.1
PDT000025220.1,0,8,PDS000000865.1
PDT000023840.1,0,8,PDS000000865.1
PDT000023832.1,2,8,PDS000000865.1
PDT000023834.1,2,8,PDS000000865.1
PDT000023837.1,2,8,PDS000000865.1
PDT000023842.1,2,8,PDS000000865.1
PDT000025258.1,4,8,PDS000000861.1
PDT000023828.1,5,8,PDS000000865.1
PDT000023990.1,1,9,PDS000000865.1
PDT000009858.1,4,9,PDS000000824.1
PDT000010028.1,4,9,PDS000000824.1
PDT000023986.1,5,9,PDS000000865.1
PDT000010133.1,6,9,PDS000000861.1
PDT000026194.1,7,9,PDS000000819.1
PDT000023992.1,7,9,PDS000000865.1
PDT000026151.1,,10,PDS000000781.1
PDT000023937.1,,10,PDS000000781.1
PDT000026195.1,0,10,PDS000000819.1
PDT000026196.1,0,10,PDS000000819.1
PDT000023991.1,1,10,PDS000000865.1
PDT000024001.1,1,10,PDS000000865.1
PDT000024376.1,4,10,PDS000000861.1
PDT000023989.1,4,10,PDS000000865.1
PDT000023827.1,5,10,PDS000000865.1
PDT000023833.1,8,10,PDS000000865.1
PDT000023845.1,0,11,PDS000000865.1
PDT000023846.1,0,11,PDS000000865.1
PDT000023995.1,0,11,PDS000000865.1
PDT000023996.1,0,11,PDS000000865.1
PDT000024111.1,0,11,PDS000000865.1
PDT000023663.1,11,11,PDS000000729.1
PDT000024609.1,11,11,PDS000000831.1
PDT000024909.1,11,11,PDS000000729.1
PDT000024495.1,,12,PDS000000863.1
PDT000025219.1,0,12,PDS000000865.1
PDT000025221.1,0,12,PDS000000865.1
PDT000023847.1,0,12,PDS000000865.1
PDT000024002.1,0,12,PDS000000865.1
PDT000026014.1,0,12,PDS000000880.1
PDT000026015.1,0,12,PDS000000880.1
PDT000026073.1,0,12,PDS000000880.1
PDT000026077.1,0,12,PDS000000880.1
PDT000026082.1,0,12,PDS000000880.1
PDT000024004.1,2,12,PDS000000865.1
PDT000009339.1,2,12,PDS000000824.1
PDT000025239.1,3,12,PDS000000863.1
PDT000025964.1,12,12,PDS000000880.1
PDT000025968.1,12,12,PDS000000880.1
PDT000009857.1,12,12,PDS000000820.1
PDT000007068.1,,13,PDS000000772.1
PDT000024007.1,1,13,PDS000000865.1
PDT000024009.1,1,13,PDS000000865.1
PDT000026013.1,1,13,PDS000000880.1
PDT000026076.1,1,13,PDS000000880.1
PDT000026079.1,1,13,PDS000000880.1
PDT000026081.1,1,13,PDS000000880.1
PDT000023994.1,2,13,PDS000000865.1
PDT000025238.1,3,13,PDS000000863.1
PDT000023848.1,3,13,PDS000000865.1
PDT000025916.1,13,13,PDS000000880.1
PDT000025975.1,13,13,PDS000000880.1
PDT000001654.1,39,13,PDS000000772.1
PDT000024015.1,1,14,PDS000000865.1
PDT000024008.1,2,14,PDS000000865.1
PDT000026017.1,2,14,PDS000000880.1
PDT000026080.1,2,14,PDS000000880.1
PDT000009813.1,2,14,PDS000000824.1
PDT000023849.1,3,14,PDS000000865.1
PDT000023853.1,4,14,PDS000000865.1
PDT000023997.1,4,14,PDS000000865.1
PDT000024000.1,4,14,PDS000000865.1
PDT000023993.1,6,14,PDS000000865.1
PDT000024006.1,9,14,PDS000000865.1
PDT000024005.1,10,14,PDS000000865.1
PDT000009923.1,10,14,PDS000000820.1
PDT000024011.1,3,15,PDS000000865.1
PDT000024013.1,3,15,PDS000000865.1
PDT000026016.1,3,15,PDS000000880.1
PDT000026071.1,3,15,PDS000000880.1
PDT000023852.1,5,15,PDS000000865.1
PDT000023998.1,5,15,PDS000000865.1
PDT000025970.1,15,15,PDS000000880.1
PDT000026026.1,23,15,PDS000000880.1
PDT000023851.1,4,16,PDS000000865.1
PDT000009803.1,10,16,PDS000000820.1
PDT000024017.1,13,16,PDS000000865.1
PDT000025972.1,15,16,PDS000000880.1
PDT000026040.1,15,16,PDS000000880.1
PDT000025965.1,16,16,PDS000000880.1
PDT000026012.1,28,16,PDS000000880.1
PDT000024012.1,0,17,PDS000000865.1
PDT000024014.1,0,17,PDS000000865.1
PDT000026089.1,0,17,PDS000000880.1
PDT000026090.1,0,17,PDS000000880.1
PDT000026078.1,2,17,PDS000000880.1
PDT000026083.1,2,17,PDS000000880.1
PDT000009549.1,5,17,PDS000000824.1
PDT000009584.1,5,17,PDS000000824.1
PDT000026050.1,9,17,PDS000000880.1
PDT000026019.1,1,18,PDS000000880.1
PDT000026084.1,1,18,PDS000000880.1
PDT000026093.1,1,18,PDS000000880.1
PDT000026075.1,6,18,PDS000000880.1
PDT000023850.1,8,18,PDS000000865.1
PDT000025998.1,8,18,PDS000000880.1
PDT000026052.1,9,18,PDS000000880.1
PDT000023601.1,16,18,PDS000000819.1
PDT000025969.1,16,18,PDS000000880.1
PDT000010006.1,18,18,PDS000000820.1
PDT000025922.1,25,18,PDS000000783.1
PDT000025971.1,31,18,PDS000000783.1
PDT000026018.1,0,19,PDS000000880.1
PDT000026027.1,0,19,PDS000000880.1
PDT000026085.1,0,19,PDS000000880.1
PDT000026116.1,0,19,PDS000000880.1
PDT000026023.1,1,19,PDS000000880.1
PDT000026096.1,1,19,PDS000000880.1
PDT000026021.1,2,19,PDS000000880.1
PDT000026072.1,2,19,PDS000000880.1
PDT000026087.1,2,19,PDS000000880.1
PDT000026092.1,2,19,PDS000000880.1
PDT000026110.1,2,19,PDS000000880.1
PDT000026022.1,5,19,PDS000000880.1
PDT000009442.1,5,19,PDS000000824.1
PDT000009687.1,5,19,PDS000000824.1
PDT000009786.1,7,19,PDS000000824.1
PDT000026045.1,9,19,PDS000000880.1
PDT000023950.1,,20,PDS000000786.1
PDT000024105.1,,20,PDS000000786.1
PDT000027303.1,0,20,PDS000000954.1
PDT000027305.1,0,20,PDS000000954.1
PDT000025216.1,0,20,PDS000000865.1
PDT000024016.1,0,20,PDS000000865.1
PDT000009115.1,0,20,PDS000000954.1
PDT000009116.1,0,20,PDS000000954.1
PDT000009117.1,0,20,PDS000000954.1
PDT000009119.1,0,20,PDS000000954.1
PDT000009120.1,0,20,PDS000000954.1
PDT000026024.1,1,20,PDS000000880.1
PDT000026104.1,1,20,PDS000000880.1
PDT000026106.1,1,20,PDS000000880.1
PDT000026108.1,1,20,PDS000000880.1
PDT000026109.1,1,20,PDS000000880.1
PDT000026112.1,1,20,PDS000000880.1
PDT000026091.1,2,20,PDS000000880.1
PDT000026098.1,3,20,PDS000000880.1
PDT000026120.1,3,20,PDS000000880.1
PDT000026121.1,3,20,PDS000000880.1
PDT000009690.1,4,20,PDS000000824.1
PDT000009416.1,4,20,PDS000000824.1
PDT000026107.1,5,20,PDS000000880.1
PDT000009660.1,5,20,PDS000000824.1
PDT000001640.1,5,20,PDS000000824.1
PDT000001642.1,5,20,PDS000000824.1
PDT000001651.2,5,20,PDS000000824.1
PDT000026049.1,8,20,PDS000000880.1
PDT000009496.1,8,20,PDS000000824.1
PDT000009539.1,8,20,PDS000000824.1
PDT000025240.1,14,20,PDS000000863.1
PDT000010210.1,14,20,PDS000000820.1
PDT000023999.1,1,21,PDS000000865.1
PDT000026028.1,2,21,PDS000000880.1
PDT000026029.1,2,21,PDS000000880.1
PDT000026031.1,2,21,PDS000000880.1
PDT000026095.1,2,21,PDS000000880.1
PDT000026102.1,2,21,PDS000000880.1
PDT000026117.1,2,21,PDS000000880.1
PDT000026088.1,3,21,PDS000000880.1
PDT000026070.1,4,21,PDS000000880.1
PDT000023607.1,6,21,PDS000000880.1
PDT000001649.1,6,21,PDS000000824.1
PDT000026005.1,8,21,PDS000000880.1
PDT000023810.1,9,21,PDS000000824.1
PDT000009622.1,9,21,PDS000000824.1
PDT000009499.1,9,21,PDS000000824.1
PDT000009748.1,9,21,PDS000000824.1
PDT000009681.1,9,21,PDS000000824.1
PDT000025974.1,22,21,PDS000000880.1
PDT000009020.1,33,21,PDS000000824.1
PDT000024137.1,,22,PDS000000921.1
PDT000024112.1,,22,PDS000000921.1
PDT000020848.1,0,22,PDS000000824.1
PDT000020732.1,0,22,PDS000000824.1
PDT000025218.1,1,22,PDS000000865.1
PDT000026094.1,3,22,PDS000000880.1
PDT000026105.1,3,22,PDS000000880.1
PDT000026086.1,5,22,PDS000000880.1
PDT000026114.1,5,22,PDS000000880.1
PDT000009696.1,9,22,PDS000000824.1
PDT000025987.1,10,22,PDS000000880.1
PDT000009703.1,10,22,PDS000000824.1
PDT000009926.1,12,22,PDS000000820.1
PDT000009241.1,16,22,PDS000000820.1
PDT000025923.1,24,22,PDS000000880.1
PDT000001647.1,2,23,PDS000000824.1
PDT000001648.1,2,23,PDS000000824.1
PDT000021097.1,3,23,PDS000000824.1
PDT000009276.1,4,23,PDS000000824.1
PDT000024918.1,6,23,PDS000000880.1
PDT000009609.1,6,23,PDS000000824.1
PDT000009337.1,6,23,PDS000000824.1
PDT000026065.1,8,23,PDS000000880.1
PDT000001639.1,8,23,PDS000000824.1
PDT000001643.1,8,23,PDS000000824.1
PDT000009789.1,11,23,PDS000000824.1
PDT000009563.1,11,23,PDS000000824.1
PDT000009666.1,11,23,PDS000000824.1
PDT000026046.1,13,23,PDS000000880.1
PDT000026033.1,15,23,PDS000000880.1
PDT000020216.1,18,23,PDS000000824.1
PDT000007095.1,38,23,PDS000000824.1
PDT000020734.1,2,24,PDS000000824.1
PDT000026020.1,6,24,PDS000000880.1
PDT000026048.1,12,24,PDS000000880.1
PDT000010085.1,12,24,PDS000000824.1
PDT000010222.1,12,24,PDS000000824.1
PDT000009860.1,12,24,PDS000000820.1
PDT000010018.1,18,24,PDS000000820.1
PDT000001645.1,3,25,PDS000000824.1
PDT000009433.1,6,25,PDS000000824.1
PDT000025994.1,13,25,PDS000000880.1
PDT000026054.1,13,25,PDS000000880.1
PDT000009873.1,17,25,PDS000000820.1
PDT000017304.1,20,25,PDS000000824.1
PDT000025961.1,24,25,PDS000000880.1
PDT000023662.1,25,25,PDS000000729.1
PDT000001644.1,3,26,PDS000000824.1
PDT000021370.1,3,26,PDS000000824.1
PDT000027314.1,6,26,PDS000000954.1
PDT000019776.1,6,26,PDS000000824.1
PDT000025995.1,11,26,PDS000000880.1
PDT000001646.1,11,26,PDS000000824.1
PDT000001650.2,11,26,PDS000000824.1
PDT000023808.1,13,26,PDS000000824.1
PDT000019365.1,17,26,PDS000000824.1
PDT000023822.1,20,26,PDS000000663.1
PDT000026042.1,28,26,PDS000000880.1
PDT000023813.1,41,26,PDS000000663.1
PDT000024203.1,3,27,PDS000000824.1
PDT000009332.1,4,27,PDS000000824.1
PDT000021611.1,4,27,PDS000000824.1
PDT000021656.1,4,27,PDS000000824.1
PDT000020747.1,13,27,PDS000000824.1
PDT000025976.1,15,27,PDS000000880.1
PDT000009389.1,15,27,PDS000000824.1
PDT000023821.1,27,27,PDS000000663.1
PDT000007092.1,,28,PDS000000868.1
PDT000024193.1,3,28,PDS000000824.1
PDT000021744.1,4,28,PDS000000824.1
PDT000021411.1,4,28,PDS000000824.1
PDT000021458.1,5,28,PDS000000824.1
PDT000021659.1,5,28,PDS000000824.1
PDT000019779.1,6,28,PDS000000824.1
PDT000020718.1,13,28,PDS000000868.1
PDT000023823.1,20,28,PDS000000663.1
PDT000023815.1,26,28,PDS000000663.1
PDT000021145.1,4,29,PDS000000824.1
PDT000021391.1,6,29,PDS000000824.1
PDT000021376.2,6,29,PDS000000824.1
PDT000009750.1,12,29,PDS000000824.1
PDT000009215.1,17,29,PDS000000824.1
PDT000009512.1,17,29,PDS000000824.1
PDT000021738.1,2,30,PDS000000824.1
PDT000021748.2,2,30,PDS000000824.1
PDT000021460.1,2,30,PDS000000824.1
PDT000021095.1,2,30,PDS000000824.1
PDT000021697.1,2,30,PDS000000824.1
PDT000021737.1,2,30,PDS000000824.1
PDT000010253.1,5,30,PDS000000820.1
PDT000021313.2,6,30,PDS000000824.1
PDT000021093.2,6,30,PDS000000824.1
PDT000021418.1,6,30,PDS000000824.1
PDT000021416.1,6,30,PDS000000824.1
PDT000020704.1,16,30,PDS000000824.1
PDT000009908.1,18,30,PDS000000824.1
PDT000023826.1,20,30,PDS000000663.1
PDT000026008.1,37,30,PDS000000880.1
PDT000027033.1,,31,PDS000000747.1
PDT000024186.1,0,31,PDS000000824.1
PDT000024190.1,0,31,PDS000000824.1
PDT000009073.1,0,31,PDS000000747.1
PDT000009074.1,0,31,PDS000000747.1
PDT000009075.1,0,31,PDS000000747.1
PDT000009077.1,0,31,PDS000000747.1
PDT000009078.1,0,31,PDS000000747.1
PDT000024191.1,1,31,PDS000000824.1
PDT000021429.2,2,31,PDS000000824.1
PDT000021214.1,2,31,PDS000000824.1
PDT000021373.1,3,31,PDS000000824.1
PDT000021378.1,3,31,PDS000000824.1
PDT000009978.1,5,31,PDS000000820.1
PDT000021303.1,5,31,PDS000000824.1
PDT000021653.1,5,31,PDS000000824.1
PDT000021140.1,7,31,PDS000000824.1
PDT000021207.1,7,31,PDS000000824.1
PDT000021392.1,8,31,PDS000000824.1
PDT000020698.1,17,31,PDS000000824.1
PDT000023753.1,23,31,PDS000000663.1
PDT000018662.1,29,31,PDS000000868.1
PDT000023633.1,31,31,PDS000000729.1
PDT000021561.1,0,32,PDS000000824.1
PDT000021143.1,0,32,PDS000000824.1
PDT000021147.1,0,32,PDS000000824.1
PDT000024185.1,1,32,PDS000000824.1
PDT000024192.1,1,32,PDS000000824.1
PDT000021602.1,5,32,PDS000000824.1
PDT000021427.1,6,32,PDS000000824.1
PDT000021461.1,7,32,PDS000000824.1
PDT000021689.1,8,32,PDS000000824.1
PDT000021467.1,9,32,PDS000000824.1
PDT000021740.2,9,32,PDS000000824.1
PDT000018655.1,16,32,PDS000000868.1
PDT000009568.1,20,32,PDS000000824.1
PDT000010251.1,20,32,PDS000000824.1
PDT000020802.2,0,33,PDS000000663.1
PDT000020776.1,0,33,PDS000000663.1
PDT000021377.1,3,33,PDS000000824.1
PDT000021012.1,4,33,PDS000000824.1
PDT000021372.2,5,33,PDS000000824.1
PDT000021464.1,7,33,PDS000000824.1
PDT000021297.1,7,33,PDS000000824.1
PDT000021031.1,8,33,PDS000000824.1
PDT000021208.1,8,33,PDS000000824.1
PDT000021146.1,9,33,PDS000000824.1
PDT000021424.1,10,33,PDS000000824.1
PDT000021746.1,10,33,PDS000000824.1
PDT000021665.2,10,33,PDS000000824.1
PDT000021420.1,10,33,PDS000000824.1
PDT000025920.1,11,33,PDS000000783.1
PDT000025155.1,17,33,PDS000000868.1
PDT000009784.1,21,33,PDS000000820.1
PDT000009766.1,21,33,PDS000000824.1
PDT000025914.1,31,33,PDS000000783.1
PDT000026069.1,34,33,PDS000000880.1
PDT000020801.1,1,34,PDS000000663.1
PDT000021660.1,2,34,PDS000000824.1
PDT000021613.1,3,34,PDS000000824.1
PDT000021694.1,3,34,PDS000000824.1
PDT000021749.1,6,34,PDS000000824.1
PDT000021316.1,6,34,PDS000000824.1
PDT000021092.1,6,34,PDS000000824.1
PDT000021075.1,6,34,PDS000000824.1
PDT000021410.1,8,34,PDS000000824.1
PDT000021655.1,8,34,PDS000000824.1
PDT000026068.1,11,34,PDS000000783.1
PDT000021387.1,11,34,PDS000000824.1
PDT000020800.1,12,34,PDS000000824.1
PDT000009683.1,22,34,PDS000000820.1
PDT000020719.1,22,34,PDS000000824.1
PDT000025921.1,26,34,PDS000000783.1
PDT000009199.1,26,34,PDS000000820.1
PDT000009856.1,4,35,PDS000000820.1
PDT000021060.1,11,35,PDS000000824.1
PDT000020709.1,20,35,PDS000000824.1
PDT000009833.1,23,35,PDS000000824.1
PDT000023801.1,,36,PDS000000859.1
PDT000009548.1,,36,PDS000000859.1
PDT000021452.1,5,36,PDS000000824.1
PDT000021600.2,6,36,PDS000000824.1
PDT000021658.2,8,36,PDS000000824.1
PDT000021205.1,12,36,PDS000000824.1
PDT000021610.1,13,36,PDS000000824.1
PDT000021560.1,13,36,PDS000000824.1
PDT000021369.2,13,36,PDS000000824.1
PDT000021454.1,13,36,PDS000000824.1
PDT000021453.1,13,36,PDS000000824.1
PDT000021417.1,13,36,PDS000000824.1
PDT000018665.1,20,36,PDS000000868.1
PDT000021213.1,22,36,PDS000000824.1
PDT000023825.1,26,36,PDS000000663.1
PDT000014391.1,42,36,PDS000000954.1
PDT000020836.1,75,36,PDS000000663.1
PDT000021216.1,1,37,PDS000000824.1
PDT000021076.1,3,37,PDS000000824.1
PDT000010279.1,4,37,PDS000000820.1
PDT000021223.1,9,37,PDS000000824.1
PDT000021211.1,9,37,PDS000000824.1
PDT000018658.1,13,37,PDS000000868.1
PDT000021144.1,13,37,PDS000000824.1
PDT000021430.1,14,37,PDS000000824.1
PDT000021139.1,14,37,PDS000000824.1
PDT000021693.1,1,38,PDS000000824.1
PDT000021603.1,12,38,PDS000000824.1
PDT000021614.1,15,38,PDS000000824.1
PDT000021526.1,15,38,PDS000000824.1
PDT000001641.1,23,38,PDS000000824.1
PDT000024066.1,26,38,PDS000000824.1
PDT000009632.1,39,38,PDS000000772.1
PDT000024175.1,,39,PDS000000910.1
PDT000025012.1,,39,PDS000000910.1
PDT000021756.1,2,39,PDS000000824.1
PDT000021747.1,2,39,PDS000000824.1
PDT000021217.1,2,39,PDS000000824.1
PDT000021699.1,3,39,PDS000000824.1
PDT000021375.1,5,39,PDS000000824.1
PDT000021615.2,7,39,PDS000000824.1
PDT000021415.1,13,39,PDS000000824.1
PDT000021096.1,16,39,PDS000000824.1
PDT000021063.1,16,39,PDS000000824.1
PDT000009294.1,27,39,PDS000000824.1
PDT000023614.1,32,39,PDS000000663.1
PDT000021745.1,3,40,PDS000000824.1
PDT000021220.1,3,40,PDS000000824.1
PDT000021741.1,3,40,PDS000000824.1
PDT000021739.2,4,40,PDS000000824.1
PDT000021459.1,5,40,PDS000000824.1
PDT000021729.1,7,40,PDS000000824.1
PDT000021567.2,8,40,PDS000000824.1
PDT000021302.2,16,40,PDS000000824.1
PDT000001656.1,34,40,PDS000000954.1
PDT000021426.1,0,41,PDS000000824.1
PDT000021284.1,0,41,PDS000000824.1
PDT000021371.1,4,41,PDS000000824.1
PDT000021751.1,5,41,PDS000000824.1
PDT000021685.1,13,41,PDS000000824.1
PDT000024259.1,19,41,PDS000000824.1
PDT000010751.1,39,41,PDS000000663.1
PDT000023632.1,41,41,PDS000000729.1
PDT000021598.2,5,42,PDS000000824.1
PDT000021204.1,31,42,PDS000000824.1
PDT000021652.1,6,43,PDS000000824.1
PDT000021059.1,14,43,PDS000000824.1
PDT000021367.1,19,43,PDS000000824.1
PDT000023669.1,,44,PDS000000844.1
PDT000023934.1,,44,PDS000000844.1
PDT000021456.1,4,44,PDS000000824.1
PDT000025157.1,29,45,PDS000000868.1
PDT000021398.1,23,46,PDS000000824.1
PDT000021222.1,15,47,PDS000000824.1
PDT000010740.1,26,54,PDS000000663.1
PDT000023672.1,,55,PDS000000860.1
PDT000023780.1,,55,PDS000000860.1
