string_field_0,string_field_1,string_field_2,string_field_3
PDS_acc,target_acc,biosample_acc,gencoll_acc
PDS000000824.1,PDT000023808.1,SAMN00792299,GCA_000390505.1
PDS000000824.1,PDT000023810.1,SAMN00792320,GCA_000390565.1
PDS000000824.1,PDT000024066.1,SAMN02470829,GCA_000438765.1
PDS000000824.1,PDT000024185.1,SAMN03197192,GCA_001053105.1
PDS000000824.1,PDT000024186.1,SAMN03197214,GCA_001053145.1
PDS000000824.1,PDT000024190.1,SAMN03197284,GCA_001053335.1
PDS000000824.1,PDT000024191.1,SAMN03197297,GCA_001053375.1
PDS000000824.1,PDT000024192.1,SAMN03197310,GCA_001053455.1
PDS000000824.1,PDT000024193.1,SAMN03197314,GCA_001053475.1
PDS000000824.1,PDT000024203.1,SAMN03197305,GCA_001054355.1
PDS000000824.1,PDT000024259.1,SAMN03197958,GCA_001058285.1
PDS000000824.1,PDT000025403.1,SAMEA3923597,GCA_900447805.1
PDS000000880.1,PDT000023607.1,SAMN02595256,GCA_000157275.1
PDS000000880.1,PDT000024918.1,SAMN07371835,GCA_002814115.1
PDS000000880.1,PDT000025916.1,SAMN09435264,GCA_005234635.1
PDS000000880.1,PDT000025923.1,SAMN09435247,GCA_005234765.1
PDS000000880.1,PDT000025961.1,SAMN09435278,GCA_005235765.1
PDS000000880.1,PDT000025964.1,SAMN09435276,GCA_005235805.1
PDS000000880.1,PDT000025965.1,SAMN09435275,GCA_005235795.1
PDS000000880.1,PDT000025968.1,SAMN09435273,GCA_005235825.1
PDS000000880.1,PDT000025969.1,SAMN09435271,GCA_005235875.1
PDS000000880.1,PDT000025970.1,SAMN09435269,GCA_005235895.1
PDS000000880.1,PDT000025972.1,SAMN09435268,GCA_005235935.1
PDS000000880.1,PDT000025974.1,SAMN09435265,GCA_005235975.1
PDS000000880.1,PDT000025975.1,SAMN09435263,GCA_005235985.1
PDS000000880.1,PDT000025976.1,SAMN09435254,GCA_005236035.1
PDS000000880.1,PDT000025987.1,SAMN09435239,GCA_005236265.1
PDS000000880.1,PDT000025994.1,SAMN09435218,GCA_005236415.1
PDS000000880.1,PDT000025995.1,SAMN09435220,GCA_005236425.1
PDS000000880.1,PDT000025998.1,SAMN09435213,GCA_005236475.1
PDS000000880.1,PDT000026005.1,SAMN09435186,GCA_005236635.1
PDS000000880.1,PDT000026008.1,SAMN09435183,GCA_005236695.1
PDS000000880.1,PDT000026012.1,SAMN09435180,GCA_005236755.1
PDS000000880.1,PDT000026013.1,SAMN09435173,GCA_005236765.1
PDS000000880.1,PDT000026014.1,SAMN09435175,GCA_005236775.1
PDS000000880.1,PDT000026015.1,SAMN09435172,GCA_005236795.1
PDS000000880.1,PDT000026016.1,SAMN09435168,GCA_005236835.1
PDS000000880.1,PDT000026017.1,SAMN09435167,GCA_005236855.1
PDS000000880.1,PDT000026018.1,SAMN09435159,GCA_005236845.1
PDS000000880.1,PDT000026019.1,SAMN09435155,GCA_005236865.1
PDS000000880.1,PDT000026020.1,SAMN09435157,GCA_005236885.1
PDS000000880.1,PDT000026021.1,SAMN09435148,GCA_005236915.1
PDS000000880.1,PDT000026022.1,SAMN09435143,GCA_005236945.1
PDS000000880.1,PDT000026023.1,SAMN09435144,GCA_005236965.1
PDS000000880.1,PDT000026024.1,SAMN09435140,GCA_005236975.1
PDS000000880.1,PDT000026026.1,SAMN09435127,GCA_005237015.1
PDS000000880.1,PDT000026027.1,SAMN09435120,GCA_005237075.1
PDS000000880.1,PDT000026028.1,SAMN09435119,GCA_005237085.1
PDS000000880.1,PDT000026029.1,SAMN09435116,GCA_005237095.1
PDS000000880.1,PDT000026031.1,SAMN09435114,GCA_005237145.1
PDS000000880.1,PDT000026033.1,SAMN09435240,GCA_005237155.1
PDS000000880.1,PDT000026040.1,SAMN09435228,GCA_005237335.1
PDS000000880.1,PDT000026042.1,SAMN09435222,GCA_005237405.1
PDS000000880.1,PDT000026045.1,SAMN09435221,GCA_005237435.1
PDS000000880.1,PDT000026046.1,SAMN09435219,GCA_005237455.1
PDS000000880.1,PDT000026048.1,SAMN09435216,GCA_005237505.1
PDS000000880.1,PDT000026049.1,SAMN09435217,GCA_005237495.1
PDS000000880.1,PDT000026050.1,SAMN09435211,GCA_005237565.1
PDS000000880.1,PDT000026052.1,SAMN09435208,GCA_005237575.1
PDS000000880.1,PDT000026054.1,SAMN09435204,GCA_005237635.1
PDS000000880.1,PDT000026065.1,SAMN09435189,GCA_005237845.1
PDS000000880.1,PDT000026069.1,SAMN09435181,GCA_005237915.1
PDS000000880.1,PDT000026070.1,SAMN09435179,GCA_005237925.1
PDS000000880.1,PDT000026071.1,SAMN09435177,GCA_005237965.1
PDS000000880.1,PDT000026072.1,SAMN09435178,GCA_005237955.1
PDS000000880.1,PDT000026073.1,SAMN09435176,GCA_005237985.1
PDS000000880.1,PDT000026075.1,SAMN09435174,GCA_005238025.1
PDS000000880.1,PDT000026076.1,SAMN09435171,GCA_005238065.1
PDS000000880.1,PDT000026077.1,SAMN09435170,GCA_005238055.1
PDS000000880.1,PDT000026078.1,SAMN09435169,GCA_005238075.1
PDS000000880.1,PDT000026079.1,SAMN09435165,GCA_005238105.1
PDS000000880.1,PDT000026080.1,SAMN09435166,GCA_005238115.1
PDS000000880.1,PDT000026081.1,SAMN09435163,GCA_005238155.1
PDS000000880.1,PDT000026082.1,SAMN09435164,GCA_005238165.1
PDS000000880.1,PDT000026083.1,SAMN09435162,GCA_005238175.1
PDS000000880.1,PDT000026084.1,SAMN09435161,GCA_005238215.1
PDS000000880.1,PDT000026085.1,SAMN09435160,GCA_005238195.1
PDS000000880.1,PDT000026086.1,SAMN09435154,GCA_005238245.1
PDS000000880.1,PDT000026087.1,SAMN09435158,GCA_005238255.1
PDS000000880.1,PDT000026088.1,SAMN09435156,GCA_005238235.1
PDS000000880.1,PDT000026089.1,SAMN09435152,GCA_005238315.1
PDS000000880.1,PDT000026090.1,SAMN09435153,GCA_005238325.1
PDS000000880.1,PDT000026091.1,SAMN09435142,GCA_005238335.1
PDS000000880.1,PDT000026092.1,SAMN09435151,GCA_005238355.1
PDS000000880.1,PDT000026093.1,SAMN09435150,GCA_005238345.1
PDS000000880.1,PDT000026094.1,SAMN09435141,GCA_005238415.1
PDS000000880.1,PDT000026095.1,SAMN09435139,GCA_005238435.1
PDS000000880.1,PDT000026096.1,SAMN09435137,GCA_005238425.1
PDS000000880.1,PDT000026098.1,SAMN09435124,GCA_005238525.1
PDS000000880.1,PDT000026102.1,SAMN09435121,GCA_005238585.1
PDS000000880.1,PDT000026104.1,SAMN09435115,GCA_005238615.1
PDS000000880.1,PDT000026105.1,SAMN09435118,GCA_005238605.1
PDS000000880.1,PDT000026106.1,SAMN09435113,GCA_005238635.1
PDS000000880.1,PDT000026107.1,SAMN09435149,GCA_005238685.1
PDS000000880.1,PDT000026108.1,SAMN09435146,GCA_005238695.1
PDS000000880.1,PDT000026109.1,SAMN09435145,GCA_005238715.1
PDS000000880.1,PDT000026110.1,SAMN09435147,GCA_005238705.1
PDS000000880.1,PDT000026112.1,SAMN09435138,GCA_005238775.1
PDS000000880.1,PDT000026114.1,SAMN09435123,GCA_005238845.1
PDS000000880.1,PDT000026116.1,SAMN09435112,GCA_005238885.1
PDS000000880.1,PDT000026117.1,SAMN09435111,GCA_005238895.1
PDS000000880.1,PDT000026120.1,SAMN09435110,GCA_005238935.1
PDS000000880.1,PDT000026121.1,SAMN09435109,GCA_005238955.1
PDS000000865.1,PDT000023827.1,SAMN00792315,GCA_000390945.1
PDS000000865.1,PDT000023828.1,SAMN00792316,GCA_000390965.1
PDS000000865.1,PDT000023829.1,SAMN00792317,GCA_000390985.1
PDS000000865.1,PDT000023830.1,SAMN00792318,GCA_000391005.1
PDS000000865.1,PDT000023831.1,SAMN00808868,GCA_000391025.1
PDS000000865.1,PDT000023832.1,SAMN00808924,GCA_000391045.1
PDS000000865.1,PDT000023833.1,SAMN00808935,GCA_000391065.1
PDS000000865.1,PDT000023834.1,SAMN00808946,GCA_000391085.1
PDS000000865.1,PDT000023835.1,SAMN00808957,GCA_000391105.1
PDS000000865.1,PDT000023836.1,SAMN00808968,GCA_000391125.1
PDS000000865.1,PDT000023837.1,SAMN00808979,GCA_000391145.1
PDS000000865.1,PDT000023838.1,SAMN00808990,GCA_000391165.1
PDS000000865.1,PDT000023839.1,SAMN00809001,GCA_000391185.1
PDS000000865.1,PDT000023840.1,SAMN00808869,GCA_000391205.1
PDS000000865.1,PDT000023841.1,SAMN00808880,GCA_000391225.1
PDS000000865.1,PDT000023842.1,SAMN00808891,GCA_000391245.1
PDS000000865.1,PDT000023844.1,SAMN00808913,GCA_000391285.1
PDS000000865.1,PDT000023845.1,SAMN00808919,GCA_000391305.1
PDS000000865.1,PDT000023846.1,SAMN00808920,GCA_000391325.1
PDS000000865.1,PDT000023847.1,SAMN00808921,GCA_000391345.1
PDS000000865.1,PDT000023848.1,SAMN00808922,GCA_000391365.1
PDS000000865.1,PDT000023849.1,SAMN00808923,GCA_000391385.1
PDS000000865.1,PDT000023850.1,SAMN00808925,GCA_000391405.1
PDS000000865.1,PDT000023851.1,SAMN00808926,GCA_000391425.1
PDS000000865.1,PDT000023852.1,SAMN00808927,GCA_000391445.1
PDS000000865.1,PDT000023853.1,SAMN00808928,GCA_000391465.1
PDS000000865.1,PDT000023854.1,SAMN00808929,GCA_000391485.1
PDS000000865.1,PDT000023855.1,SAMN00808930,GCA_000391505.1
PDS000000865.1,PDT000023856.1,SAMN00808931,GCA_000391525.1
PDS000000865.1,PDT000023907.1,SAMN00809138,GCA_000394355.1
PDS000000865.1,PDT000023928.1,SAMN00809212,GCA_000394795.1
PDS000000865.1,PDT000023983.1,SAMN00808871,GCA_000395985.1
PDS000000865.1,PDT000023984.1,SAMN00808872,GCA_000396005.1
PDS000000865.1,PDT000023985.1,SAMN00808873,GCA_000396025.1
PDS000000865.1,PDT000023986.1,SAMN00808874,GCA_000396045.1
PDS000000865.1,PDT000023988.1,SAMN00808876,GCA_000396085.1
PDS000000865.1,PDT000023989.1,SAMN00808877,GCA_000396105.1
PDS000000865.1,PDT000023990.1,SAMN00808878,GCA_000396125.1
PDS000000865.1,PDT000023991.1,SAMN00808879,GCA_000396145.1
PDS000000865.1,PDT000023992.1,SAMN00808881,GCA_000396165.1
PDS000000865.1,PDT000023993.1,SAMN00808882,GCA_000396185.1
PDS000000865.1,PDT000023994.1,SAMN00808883,GCA_000396205.1
PDS000000865.1,PDT000023995.1,SAMN00808884,GCA_000396225.1
PDS000000865.1,PDT000023996.1,SAMN00808885,GCA_000396245.1
PDS000000865.1,PDT000023997.1,SAMN00808886,GCA_000396265.1
PDS000000865.1,PDT000023998.1,SAMN00808887,GCA_000396285.1
PDS000000865.1,PDT000023999.1,SAMN00808888,GCA_000396305.1
PDS000000865.1,PDT000024000.1,SAMN00808889,GCA_000396325.1
PDS000000865.1,PDT000024001.1,SAMN00808890,GCA_000396345.1
PDS000000865.1,PDT000024002.1,SAMN00808892,GCA_000396365.1
PDS000000865.1,PDT000024004.1,SAMN00808894,GCA_000396405.1
PDS000000865.1,PDT000024005.1,SAMN00808895,GCA_000396425.1
PDS000000865.1,PDT000024006.1,SAMN00808896,GCA_000396445.1
PDS000000865.1,PDT000024007.1,SAMN00808897,GCA_000396465.1
PDS000000865.1,PDT000024008.1,SAMN00808898,GCA_000396485.1
PDS000000865.1,PDT000024009.1,SAMN00808899,GCA_000396505.1
PDS000000865.1,PDT000024010.1,SAMN00808900,GCA_000396525.1
PDS000000865.1,PDT000024011.1,SAMN00808901,GCA_000396545.1
PDS000000865.1,PDT000024012.1,SAMN00808903,GCA_000396565.1
PDS000000865.1,PDT000024013.1,SAMN00808904,GCA_000396585.1
PDS000000865.1,PDT000024014.1,SAMN00808905,GCA_000396605.1
PDS000000865.1,PDT000024015.1,SAMN00808906,GCA_000396625.1
PDS000000865.1,PDT000024016.1,SAMN00808907,GCA_000396645.1
PDS000000865.1,PDT000024017.1,SAMN00808908,GCA_000396665.1
PDS000000865.1,PDT000024111.1,SAMN02333903,GCA_000519965.1
PDS000000865.1,PDT000024353.1,SAMN03457011,GCA_000968735.2
PDS000000865.1,PDT000025216.1,SAMN08814552,GCA_003046875.1
PDS000000865.1,PDT000025217.1,SAMN08814546,GCA_003046865.1
PDS000000865.1,PDT000025218.1,SAMN08814550,GCA_003046905.1
PDS000000865.1,PDT000025219.1,SAMN08814551,GCA_003046915.1
PDS000000865.1,PDT000025220.1,SAMN08814548,GCA_003046945.1
PDS000000865.1,PDT000025221.1,SAMN08814549,GCA_003046965.1
PDS000000865.1,PDT000025222.1,SAMN08814547,GCA_003046985.1
PDS000000729.1,PDT000023632.1,SAMN00189102,GCA_000163795.1
PDS000000729.1,PDT000023633.1,SAMN00189101,GCA_000163815.1
PDS000000729.1,PDT000023662.1,SAMN00189100,GCA_000147985.1
PDS000000729.1,PDT000023663.1,SAMN00189099,GCA_000148005.1
PDS000000729.1,PDT000024909.1,SAMN07269606,GCA_002763375.1
PDS000000710.1,PDT000027229.1,SAMEA104694404,GCA_902164955.1
PDS000000710.1,PDT000027234.1,SAMEA104694402,GCA_902164875.1
PDS000000710.1,PDT000027235.1,SAMEA104694405,GCA_902164885.1
PDS000000710.1,PDT000027237.1,SAMEA104694406,GCA_902165005.1
PDS000000710.1,PDT000027238.1,SAMEA104694425,GCA_902165105.1
PDS000000710.1,PDT000027239.1,SAMEA104694410,GCA_902165185.1
PDS000000710.1,PDT000027241.1,SAMEA104694421,GCA_902165085.1
PDS000000710.1,PDT000027242.1,SAMEA104694423,GCA_902165175.1
PDS000000710.1,PDT000027243.1,SAMEA104694424,GCA_902165055.1
PDS000000710.1,PDT000027244.1,SAMEA104694422,GCA_902165025.1
PDS000000710.1,PDT000027245.1,SAMEA104694416,GCA_902165075.1
PDS000000710.1,PDT000027247.1,SAMEA104694441,GCA_902165285.1
PDS000000710.1,PDT000027249.1,SAMEA104694451,GCA_902165265.1
PDS000000710.1,PDT000027250.1,SAMEA104694433,GCA_902165335.1
PDS000000710.1,PDT000027251.1,SAMEA104694450,GCA_902165305.1
PDS000000710.1,PDT000027252.1,SAMEA104694447,GCA_902165255.1
PDS000000710.1,PDT000027255.1,SAMEA104694440,GCA_902165365.1
PDS000000710.1,PDT000027256.1,SAMEA104694454,GCA_902165395.1
PDS000000710.1,PDT000027257.1,SAMEA104694453,GCA_902165405.1
PDS000000710.1,PDT000027258.1,SAMEA104694452,GCA_902165415.1
PDS000000710.1,PDT000027263.1,SAMEA104694463,GCA_902165495.1
PDS000000710.1,PDT000027264.1,SAMEA104694460,GCA_902165455.1
PDS000000710.1,PDT000027265.1,SAMEA104694466,GCA_902165425.1
PDS000000710.1,PDT000027266.1,SAMEA104694461,GCA_902165475.1
PDS000000710.1,PDT000027270.1,SAMEA104694459,GCA_902165555.1
PDS000000710.1,PDT000027273.1,SAMEA104694475,GCA_902165625.1
PDS000000710.1,PDT000027274.1,SAMEA104694487,GCA_902165725.1
PDS000000710.1,PDT000027275.1,SAMEA104694491,GCA_902165745.1
PDS000000710.1,PDT000027276.1,SAMEA104694479,GCA_902165675.1
PDS000000710.1,PDT000027278.1,SAMEA104694477,GCA_902165705.1
PDS000000710.1,PDT000027285.1,SAMEA104694492,GCA_902165795.1
PDS000000710.1,PDT000027286.1,SAMEA104694493,GCA_902165805.1
PDS000000820.1,PDT000025406.1,SAMEA4364218,GCA_900447795.1
PDS000000890.1,PDT000023681.1,SAMN02603002,GCA_000172575.2
PDS000000890.1,PDT000024910.1,SAMN07269607,GCA_002763385.1
PDS000000819.1,PDT000023601.1,SAMN02603978,GCA_000007785.1
PDS000000819.1,PDT000023898.1,SAMN00809128,GCA_000394175.1
PDS000000819.1,PDT000024037.1,SAMN02596965,GCA_000407045.1
PDS000000819.1,PDT000024041.1,SAMN02596965,GCA_000407305.1
PDS000000819.1,PDT000024143.1,SAMN03142838,GCA_000772515.1
PDS000000819.1,PDT000024608.1,SAMN06644840,GCA_002110435.1
PDS000000819.1,PDT000025407.1,SAMEA4442468,GCA_900448045.1
PDS000000819.1,PDT000025915.1,SAMN09435277,GCA_005234575.1
PDS000000819.1,PDT000026194.1,SAMN11397621,GCA_006494835.1
PDS000000819.1,PDT000026195.1,SAMN11415942,GCA_006494855.1
PDS000000819.1,PDT000026196.1,SAMN11416928,GCA_006494875.1
PDS000000799.1,PDT000027000.1,SAMEA104567433,GCA_902159695.1
PDS000000799.1,PDT000027194.1,SAMEA104694325,GCA_902164165.1
PDS000000799.1,PDT000027195.1,SAMEA104694323,GCA_902164195.1
PDS000000799.1,PDT000027196.1,SAMEA104694334,GCA_902164235.1
PDS000000799.1,PDT000027198.1,SAMEA104694342,GCA_902164215.1
PDS000000799.1,PDT000027203.1,SAMEA104694348,GCA_902164345.1
PDS000000799.1,PDT000027207.1,SAMEA104694347,GCA_902164405.1
PDS000000799.1,PDT000027209.1,SAMEA104694365,GCA_902164415.1
PDS000000799.1,PDT000027214.1,SAMEA104694357,GCA_902164445.1
PDS000000799.1,PDT000027215.1,SAMEA104694363,GCA_902164495.1
PDS000000799.1,PDT000027216.1,SAMEA104694364,GCA_902164435.1
PDS000000799.1,PDT000027217.1,SAMEA104694374,GCA_902164565.1
PDS000000799.1,PDT000027226.1,SAMEA104694380,GCA_902164805.1
PDS000000799.1,PDT000027227.1,SAMEA104694381,GCA_902164815.1
PDS000000799.1,PDT000027230.1,SAMEA104694398,GCA_902164915.1
PDS000000799.1,PDT000027232.1,SAMEA104694388,GCA_902164865.1
PDS000000663.1,PDT000023614.1,SAMN02595264,GCA_000157455.1
PDS000000663.1,PDT000023753.1,SAMN00792306,GCA_000390805.1
PDS000000663.1,PDT000023813.1,SAMN00792324,GCA_000390645.1
PDS000000663.1,PDT000023815.1,SAMN00792300,GCA_000390685.1
PDS000000663.1,PDT000023821.1,SAMN00792307,GCA_000390825.1
PDS000000663.1,PDT000023822.1,SAMN00792309,GCA_000390845.1
PDS000000663.1,PDT000023823.1,SAMN00792311,GCA_000390865.1
PDS000000663.1,PDT000023825.1,SAMN00792313,GCA_000390905.1
PDS000000663.1,PDT000023826.1,SAMN00792314,GCA_000390925.1
PDS000000816.1,PDT000025420.1,SAMN03196920,GCA_003709905.1
PDS000000816.1,PDT000025421.1,SAMN03196921,GCA_003709925.1
PDS000000816.1,PDT000025422.1,SAMN03196940,GCA_003709945.1
PDS000000816.1,PDT000025423.1,SAMN03196943,GCA_003709965.1
PDS000000816.1,PDT000025424.1,SAMN03840350,GCA_003711635.1
PDS000000816.1,PDT000025425.1,SAMN03840422,GCA_003711625.1
PDS000000816.1,PDT000025426.1,SAMN03840423,GCA_003711665.1
PDS000000816.1,PDT000025427.1,SAMN03840424,GCA_003711675.1
PDS000000816.1,PDT000025428.1,SAMN03840421,GCA_003711705.1
PDS000000816.1,PDT000025429.1,SAMN03840427,GCA_003711725.1
PDS000000816.1,PDT000025430.1,SAMN03840435,GCA_003711745.1
PDS000000816.1,PDT000025431.1,SAMN03840433,GCA_003711755.1
PDS000000816.1,PDT000025432.1,SAMN03840434,GCA_003711785.1
PDS000000816.1,PDT000025433.1,SAMN03840436,GCA_003711825.1
PDS000000794.1,PDT000025813.1,SAMN10829703,GCA_004168075.1
PDS000000954.1,PDT000027303.1,SAMD00169686,GCA_007034685.1
PDS000000954.1,PDT000027305.1,SAMD00169688,GCA_007034845.1
PDS000000954.1,PDT000027314.1,SAMD00169697,GCA_007035845.1
PDS000000718.1,PDT000026995.1,SAMEA104567423,GCA_902159565.1
PDS000000718.1,PDT000027034.1,SAMEA104567548,GCA_902160455.1
PDS000000718.1,PDT000027035.1,SAMEA104567547,GCA_902160505.1
PDS000000718.1,PDT000027037.1,SAMEA104567551,GCA_902160535.1
PDS000000718.1,PDT000027039.1,SAMEA104567549,GCA_902160595.1
PDS000000718.1,PDT000027041.1,SAMEA104567552,GCA_902160545.1
PDS000000718.1,PDT000027042.1,SAMEA104567550,GCA_902160615.1
PDS000000718.1,PDT000027160.1,SAMEA4608483,GCA_902163685.1
PDS000000718.1,PDT000027302.1,SAMEA4623320,GCA_902166815.1
PDS000000693.1,PDT000023615.1,SAMN02595265,GCA_000157475.1
PDS000000932.1,PDT000027307.1,SAMD00169690,GCA_007035085.1
PDS000000932.1,PDT000027308.1,SAMD00169691,GCA_007035185.1
PDS000000932.1,PDT000027309.1,SAMD00169692,GCA_007035245.1
PDS000000932.1,PDT000027310.1,SAMD00169693,GCA_007035385.1
PDS000000932.1,PDT000027311.1,SAMD00169694,GCA_007035485.1
PDS000000932.1,PDT000027312.1,SAMD00169695,GCA_007035545.1
PDS000000932.1,PDT000027313.1,SAMD00169696,GCA_007035705.1
PDS000000932.1,PDT000027315.1,SAMD00169698,GCA_007035945.1
PDS000000932.1,PDT000027316.1,SAMD00169699,GCA_007036085.1
PDS000000812.1,PDT000025441.1,SAMN10272826,GCA_003795725.1
PDS000000812.1,PDT000025463.1,SAMN10272789,GCA_003796195.1
PDS000000812.1,PDT000025479.1,SAMN10272828,GCA_003796545.1
PDS000000812.1,PDT000025480.1,SAMN10272827,GCA_003796565.1
PDS000000812.1,PDT000025499.1,SAMN10272788,GCA_003796965.1
PDS000000812.1,PDT000025504.1,SAMN10272860,GCA_003797105.1
PDS000000812.1,PDT000025513.1,SAMN10272831,GCA_003797595.1
PDS000000812.1,PDT000025515.1,SAMN10272797,GCA_003797645.1
PDS000000831.1,PDT000024134.1,SAMN02870637,GCA_000742975.1
PDS000000831.1,PDT000024136.1,SAMN02950876,GCA_000763355.1
PDS000000831.1,PDT000024554.1,SAMN05721774,GCA_001999625.1
PDS000000831.1,PDT000024609.1,SAMN06629170,GCA_002110425.1
PDS000000831.1,PDT000025396.1,SAMEA3867451,GCA_900447845.1
PDS000000777.1,PDT000026965.1,SAMEA104567310,GCA_902158875.1
PDS000000777.1,PDT000027137.1,SAMEA104567391,GCA_902163155.1
PDS000000777.1,PDT000027147.1,SAMEA4608469,GCA_902163585.1
PDS000000777.1,PDT000027191.1,SAMEA4608515,GCA_902164075.1
PDS000000777.1,PDT000027231.1,SAMEA104694387,GCA_902164845.1
PDS000000777.1,PDT000027233.1,SAMEA104694386,GCA_902164855.1
PDS000000868.1,PDT000025155.1,SAMN08093730,GCA_002973775.1
PDS000000868.1,PDT000025157.1,SAMN08093724,GCA_002973815.1
PDS000000652.1,PDT000025040.1,SAMN07982007,GCA_002946075.1
PDS000000901.1,PDT000024210.1,SAMN03197450,GCA_001054785.1
PDS000000901.1,PDT000024212.1,SAMN03197582,GCA_001055025.1
PDS000000901.1,PDT000024213.1,SAMN03197596,GCA_001055055.1
PDS000000901.1,PDT000024227.1,SAMN03197406,GCA_001055935.1
PDS000000901.1,PDT000024231.1,SAMN03197448,GCA_001056115.1
PDS000000901.1,PDT000024233.1,SAMN03197449,GCA_001056125.1
PDS000000901.1,PDT000024235.1,SAMN03197579,GCA_001056555.1
PDS000000850.1,PDT000023860.1,SAMN00808936,GCA_000391605.1
PDS000000850.1,PDT000023861.1,SAMN00808937,GCA_000391625.1
PDS000000850.1,PDT000023862.1,SAMN00808938,GCA_000391645.1
PDS000000850.1,PDT000023863.1,SAMN00808939,GCA_000391665.1
PDS000000850.1,PDT000023864.1,SAMN00808940,GCA_000391685.1
PDS000000850.1,PDT000023865.1,SAMN00808941,GCA_000391705.1
PDS000000850.1,PDT000023866.1,SAMN00808942,GCA_000391725.1
PDS000000789.1,PDT000024087.1,SAMN02333879,GCA_000519485.1
PDS000000789.1,PDT000024088.1,SAMN02333880,GCA_000519505.1
PDS000000789.1,PDT000024089.1,SAMN02333881,GCA_000519525.1
PDS000000789.1,PDT000024090.1,SAMN02333882,GCA_000519545.1
PDS000000789.1,PDT000024092.1,SAMN02333884,GCA_000519585.1
PDS000000789.1,PDT000024096.1,SAMN02333888,GCA_000519665.1
PDS000000789.1,PDT000024102.1,SAMN02333894,GCA_000519785.1
PDS000000848.1,PDT000023897.1,SAMN00809127,GCA_000394155.1
PDS000000848.1,PDT000023912.1,SAMN00809221,GCA_000394455.1
PDS000000699.1,PDT000027118.1,SAMEA104567347,GCA_902162955.1
PDS000000699.1,PDT000027166.1,SAMEA4608488,GCA_902163765.1
PDS000000699.1,PDT000027168.1,SAMEA4608487,GCA_902163775.1
PDS000000699.1,PDT000027190.1,SAMEA4608516,GCA_902164085.1
PDS000000699.1,PDT000027277.1,SAMEA104694482,GCA_902165715.1
PDS000000699.1,PDT000027279.1,SAMEA104694481,GCA_902165645.1
PDS000000747.1,PDT000027033.1,SAMEA104567543,GCA_902160465.1
PDS000000783.1,PDT000025914.1,SAMN09435274,GCA_005234585.1
PDS000000783.1,PDT000025920.1,SAMN09435261,GCA_005234685.1
PDS000000783.1,PDT000025921.1,SAMN09435257,GCA_005234675.1
PDS000000783.1,PDT000025922.1,SAMN09435255,GCA_005234735.1
PDS000000783.1,PDT000025971.1,SAMN09435270,GCA_005235885.1
PDS000000783.1,PDT000026068.1,SAMN09435185,GCA_005237895.1
PDS000000888.1,PDT000026203.1,SAMN12082487,GCA_006541155.1
PDS000000888.1,PDT000026223.1,SAMN12082489,GCA_006541545.1
PDS000000888.1,PDT000026225.1,SAMN12082500,GCA_006541595.1
PDS000000888.1,PDT000026228.1,SAMN12082498,GCA_006541655.1
PDS000000888.1,PDT000026234.1,SAMN12082491,GCA_006541775.1
PDS000000888.1,PDT000026235.1,SAMN12082497,GCA_006541795.1
PDS000000796.1,PDT000025704.1,SAMN08195920,GCA_004125765.1
PDS000000796.1,PDT000025712.1,SAMN08195894,GCA_004126015.1
PDS000000796.1,PDT000025716.1,SAMN08195889,GCA_004126065.1
PDS000000796.1,PDT000025717.1,SAMN08195882,GCA_004126135.1
PDS000000796.1,PDT000025726.1,SAMN08195893,GCA_004126285.1
PDS000000796.1,PDT000025729.1,SAMN08195885,GCA_004126335.1
PDS000000805.1,PDT000026973.1,SAMEA104567475,GCA_902159085.1
PDS000000805.1,PDT000027007.1,SAMEA104567476,GCA_902159895.1
PDS000000805.1,PDT000027009.1,SAMEA104567474,GCA_902159915.1
PDS000000805.1,PDT000027015.1,SAMEA104567478,GCA_902159945.1
PDS000000805.1,PDT000027018.1,SAMEA104567477,GCA_902160035.1
PDS000000780.1,PDT000026979.1,SAMEA104567482,GCA_902159155.1
PDS000000780.1,PDT000027003.1,SAMEA104567448,GCA_902159825.1
PDS000000780.1,PDT000027005.1,SAMEA104567446,GCA_902159845.1
PDS000000780.1,PDT000027010.1,SAMEA104567491,GCA_902159955.1
PDS000000780.1,PDT000027021.1,SAMEA104567492,GCA_902160045.1
PDS000000902.1,PDT000024205.1,SAMN03197380,GCA_001054535.1
PDS000000902.1,PDT000024206.1,SAMN03197383,GCA_001054545.1
PDS000000902.1,PDT000024222.1,SAMN03197379,GCA_001055725.1
PDS000000902.1,PDT000024224.1,SAMN03197382,GCA_001055765.1
PDS000000902.1,PDT000024226.1,SAMN03197393,GCA_001055875.1
PDS000000909.1,PDT000026984.1,SAMEA104567582,GCA_902159275.1
PDS000000909.1,PDT000027044.1,SAMEA104567581,GCA_902160785.1
PDS000000909.1,PDT000027045.1,SAMEA104567580,GCA_902160835.1
PDS000000909.1,PDT000027061.1,SAMEA104567643,GCA_902161385.1
PDS000000909.1,PDT000027182.1,SAMEA4608491,GCA_902163865.1
PDS000000755.1,PDT000027129.1,SAMEA104567383,GCA_902163065.1
PDS000000755.1,PDT000027130.1,SAMEA104567382,GCA_902163075.1
PDS000000755.1,PDT000027132.1,SAMEA104567381,GCA_902163105.1
PDS000000755.1,PDT000027240.1,SAMEA104694427,GCA_902165135.1
PDS000000755.1,PDT000027292.1,SAMEA4623365,GCA_902166255.1
PDS000000886.1,PDT000024548.1,SAMN06270347,GCA_001989555.1
PDS000000861.1,PDT000023767.1,SAMN00847602,GCA_000392875.1
PDS000000861.1,PDT000024376.1,SAMD00045729,GCA_001544235.1
PDS000000861.1,PDT000025258.1,SAMEA3856678,GCA_900447895.1
PDS000000861.1,PDT000025673.1,SAMN10424965,GCA_004103095.1
PDS000000924.1,PDT000026968.1,SAMEA104567336,GCA_902158945.1
PDS000000924.1,PDT000027121.1,SAMEA104567359,GCA_902162975.1
PDS000000924.1,PDT000027123.1,SAMEA104567360,GCA_902163005.1
PDS000000924.1,PDT000027126.1,SAMEA104567358,GCA_902163035.1
PDS000000924.1,PDT000027211.1,SAMEA104694354,GCA_902164455.1
PDS000000965.1,PDT000027014.1,SAMEA104567479,GCA_902159935.1
PDS000000965.1,PDT000027051.1,SAMEA104567602,GCA_902160985.1
PDS000000965.1,PDT000027052.1,SAMEA104567603,GCA_902160965.1
PDS000000965.1,PDT000027295.1,SAMEA104694434,GCA_902166505.1
PDS000000946.1,PDT000024999.1,SAMN07982061,GCA_002944985.1
PDS000000893.1,PDT000024290.1,SAMN02299472,GCA_000294225.2
PDS000000893.1,PDT000024294.1,SAMN02299476,GCA_000294305.2
PDS000000893.1,PDT000024322.1,SAMN02299468,GCA_000294145.2
PDS000000893.1,PDT000024323.1,SAMN02299469,GCA_000294165.2
PDS000000889.1,PDT000024502.1,SAMEA18418168,GCA_900143305.1
PDS000000889.1,PDT000024509.1,SAMEA18419668,GCA_900143365.1
PDS000000889.1,PDT000024531.1,SAMEA23870668,GCA_900148535.1
PDS000000889.1,PDT000024532.1,SAMEA23872168,GCA_900148545.1
PDS000000776.1,PDT000026025.1,SAMN09435134,GCA_005236985.1
PDS000000776.1,PDT000026097.1,SAMN09435132,GCA_005238455.1
PDS000000776.1,PDT000026099.1,SAMN09435126,GCA_005238535.1
PDS000000776.1,PDT000026115.1,SAMN09435128,GCA_005238795.1
PDS000000872.1,PDT000024953.1,SAMN07982037,GCA_002943885.1
PDS000000872.1,PDT000025085.1,SAMN07981982,GCA_002947635.1
PDS000000872.1,PDT000025106.1,SAMN07981954,GCA_002948195.1
PDS000000872.1,PDT000025138.1,SAMN07981955,GCA_002948975.1
PDS000000863.1,PDT000024495.1,SAMN05449127,GCA_001878785.1
PDS000000863.1,PDT000025238.1,SAMN09206381,GCA_003144715.1
PDS000000863.1,PDT000025239.1,SAMN09206382,GCA_003144735.1
PDS000000863.1,PDT000025240.1,SAMN09206380,GCA_003144755.1
PDS000000795.1,PDT000025700.1,SAMN08195914,GCA_004125665.1
PDS000000795.1,PDT000025701.1,SAMN08195913,GCA_004125675.1
PDS000000795.1,PDT000025719.1,SAMN08195886,GCA_004126125.1
PDS000000795.1,PDT000025722.1,SAMN08195898,GCA_004126215.1
PDS000000847.1,PDT000023616.1,SAMN02595266,GCA_000157495.1
PDS000000847.1,PDT000023902.1,SAMN00809133,GCA_000394255.1
PDS000000847.1,PDT000023935.1,SAMN00809219,GCA_000394935.1
PDS000000847.1,PDT000023936.1,SAMN00809220,GCA_000394955.1
PDS000000855.1,PDT000027119.1,SAMEA104567345,GCA_902162935.1
PDS000000855.1,PDT000027139.1,SAMEA4608435,GCA_902163265.1
PDS000000855.1,PDT000027140.1,SAMEA4608434,GCA_902163295.1
PDS000000855.1,PDT000027212.1,SAMEA104694362,GCA_902164515.1
PDS000000944.1,PDT000026959.1,SAMEA104567315,GCA_902158795.1
PDS000000944.1,PDT000026986.1,SAMEA104567610,GCA_902159315.1
PDS000000944.1,PDT000027074.1,SAMEA104567689,GCA_902161565.1
PDS000000944.1,PDT000027153.1,SAMEA4608472,GCA_902163625.1
PDS000000744.1,PDT000026969.1,SAMEA104567314,GCA_902158955.1
PDS000000744.1,PDT000027157.1,SAMEA4608471,GCA_902163665.1
PDS000000744.1,PDT000027253.1,SAMEA104694443,GCA_902165225.1
PDS000000744.1,PDT000027254.1,SAMEA104694445,GCA_902165355.1
PDS000000934.1,PDT000027099.1,SAMEA104567764,GCA_902162305.1
PDS000000934.1,PDT000027102.1,SAMEA104567759,GCA_902162335.1
PDS000000934.1,PDT000027115.1,SAMEA104567341,GCA_902162825.1
PDS000000934.1,PDT000027165.1,SAMEA4608485,GCA_902163785.1
PDS000000768.1,PDT000027022.1,SAMEA104567501,GCA_902160075.1
PDS000000768.1,PDT000027023.1,SAMEA104567500,GCA_902160105.1
PDS000000768.1,PDT000027024.1,SAMEA104567502,GCA_902160085.1
PDS000000768.1,PDT000027218.1,SAMEA104694369,GCA_902164585.1
PDS000000706.1,PDT000027036.1,SAMEA104567558,GCA_902160575.1
PDS000000706.1,PDT000027038.1,SAMEA104567554,GCA_902160555.1
PDS000000706.1,PDT000027040.1,SAMEA104567559,GCA_902160565.1
PDS000000706.1,PDT000027043.1,SAMEA104567560,GCA_902160655.1
PDS000000926.1,PDT000027112.1,SAMEA104567343,GCA_902162795.1
PDS000000926.1,PDT000027113.1,SAMEA104567342,GCA_902162805.1
PDS000000926.1,PDT000027117.1,SAMEA104567344,GCA_902162965.1
PDS000000926.1,PDT000027135.1,SAMEA4608423,GCA_902163135.1
PDS000000694.1,PDT000026997.1,SAMEA104567418,GCA_902159645.1
PDS000000694.1,PDT000027046.1,SAMEA104567583,GCA_902160825.1
PDS000000694.1,PDT000027048.1,SAMEA104567584,GCA_902160795.1
PDS000000694.1,PDT000027291.1,SAMEA4623325,GCA_902165985.1
PDS000000814.1,PDT000025447.1,SAMN10272822,GCA_003795855.1
PDS000000814.1,PDT000025458.1,SAMN10272819,GCA_003796085.1
PDS000000814.1,PDT000025469.1,SAMN10272818,GCA_003796325.1
PDS000000938.1,PDT000027086.1,SAMEA104567717,GCA_902161915.1
PDS000000938.1,PDT000027087.1,SAMEA104567714,GCA_902161895.1
PDS000000938.1,PDT000027088.1,SAMEA104567716,GCA_902161905.1
PDS000000815.1,PDT000025438.1,SAMN10272875,GCA_003795665.1
PDS000000815.1,PDT000025439.1,SAMN10272874,GCA_003795675.1
PDS000000815.1,PDT000025465.1,SAMN10272855,GCA_003796245.1
PDS000000945.1,PDT000026988.1,SAMEA104567680,GCA_902159395.1
PDS000000945.1,PDT000027070.1,SAMEA104567681,GCA_902161665.1
PDS000000945.1,PDT000027072.1,SAMEA104567682,GCA_902161575.1
PDS000000822.1,PDT000025405.1,SAMEA3930550,GCA_900447835.1
PDS000000920.1,PDT000027148.1,SAMEA4608467,GCA_902163575.1
PDS000000920.1,PDT000027149.1,SAMEA4608468,GCA_902163595.1
PDS000000920.1,PDT000027150.1,SAMEA4608466,GCA_902163605.1
PDS000000833.1,PDT000025394.1,SAMEA3696440,GCA_900447775.1
PDS000000833.1,PDT000025402.1,SAMEA3879492,GCA_900447725.1
PDS000000838.1,PDT000025043.1,SAMN07982003,GCA_002946155.1
PDS000000838.1,PDT000025279.1,SAMN02729179,GCA_003319605.1
PDS000000928.1,PDT000026967.1,SAMEA104567330,GCA_902158925.1
PDS000000928.1,PDT000027111.1,SAMEA104567331,GCA_902162855.1
PDS000000928.1,PDT000027125.1,SAMEA104567368,GCA_902162995.1
PDS000000923.1,PDT000027116.1,SAMEA104567350,GCA_902162945.1
PDS000000923.1,PDT000027127.1,SAMEA104567351,GCA_902163045.1
PDS000000923.1,PDT000027164.1,SAMEA4608478,GCA_902163745.1
PDS000000633.1,PDT000027053.1,SAMEA104567608,GCA_902161045.1
PDS000000633.1,PDT000027055.1,SAMEA104567609,GCA_902161095.1
PDS000000633.1,PDT000027293.1,SAMEA4608495,GCA_902166355.1
PDS000000829.1,PDT000026970.1,SAMEA104567459,GCA_902158985.1
PDS000000829.1,PDT000027004.1,SAMEA104567457,GCA_902159835.1
PDS000000829.1,PDT000027006.1,SAMEA104567458,GCA_902159855.1
PDS000000939.1,PDT000026206.1,SAMN12082465,GCA_006541215.1
PDS000000939.1,PDT000026207.1,SAMN12082469,GCA_006541225.1
PDS000000939.1,PDT000026239.1,SAMN12082505,GCA_006541875.1
PDS000000762.1,PDT000024151.1,SAMN03200203,GCA_000788185.1
PDS000000644.1,PDT000026956.1,SAMEA104567429,GCA_902158765.1
PDS000000644.1,PDT000026961.1,SAMEA104567427,GCA_902158815.1
PDS000000644.1,PDT000026992.1,SAMEA104567665,GCA_902159435.1
PDS000000891.1,PDT000026975.1,SAMEA104567485,GCA_902159135.1
PDS000000891.1,PDT000026976.1,SAMEA104567484,GCA_902159125.1
PDS000000891.1,PDT000026977.1,SAMEA104567486,GCA_902159115.1
PDS000000867.1,PDT000026985.1,SAMEA104567611,GCA_902159295.1
PDS000000867.1,PDT000027267.1,SAMEA104694455,GCA_902165465.1
PDS000000867.1,PDT000027280.1,SAMEA104694490,GCA_902165735.1
PDS000000809.1,PDT000025584.1,SAMN09521575,GCA_003962505.1
PDS000000809.1,PDT000025585.1,SAMN09521574,GCA_003962535.1
PDS000000809.1,PDT000025594.1,SAMN09521580,GCA_003962685.1
PDS000000779.1,PDT000026053.1,SAMN09435206,GCA_005237605.1
PDS000000779.1,PDT000026056.1,SAMN09435205,GCA_005237655.1
PDS000000779.1,PDT000026062.1,SAMN09435190,GCA_005237795.1
PDS000000782.1,PDT000025999.1,SAMN09435200,GCA_005236535.1
PDS000000782.1,PDT000026006.1,SAMN09435195,GCA_005236615.1
PDS000000782.1,PDT000026067.1,SAMN09435187,GCA_005237855.1
PDS000000785.1,PDT000024113.1,SAMN03081447,GCA_000550745.1
PDS000000785.1,PDT000024587.1,SAMN03280994,GCA_002105335.1
PDS000000785.1,PDT000024588.1,SAMN03280995,GCA_002105365.1
PDS000000787.1,PDT000024091.1,SAMN02333883,GCA_000519565.1
PDS000000787.1,PDT000024103.1,SAMN02333895,GCA_000519805.1
PDS000000787.1,PDT000024104.1,SAMN02333896,GCA_000519825.1
PDS000000793.1,PDT000027013.1,SAMEA104567489,GCA_902159965.1
PDS000000793.1,PDT000027019.1,SAMEA104567487,GCA_902160025.1
PDS000000793.1,PDT000027020.1,SAMEA104567488,GCA_902159995.1
PDS000000756.1,PDT000027025.1,SAMEA104567503,GCA_902160125.1
PDS000000756.1,PDT000027028.1,SAMEA104567506,GCA_902160185.1
PDS000000756.1,PDT000027058.1,SAMEA104567620,GCA_902161085.1
PDS000000798.1,PDT000025710.1,SAMN08195900,GCA_004125945.1
PDS000000798.1,PDT000025711.1,SAMN08195901,GCA_004125955.1
PDS000000798.1,PDT000025714.1,SAMN08195899,GCA_004126025.1
PDS000000806.1,PDT000025657.1,SAMN10744164,GCA_004099665.1
PDS000000806.1,PDT000025661.1,SAMN10744146,GCA_004099975.1
PDS000000806.1,PDT000025662.1,SAMN10744147,GCA_004099985.1
PDS000000897.1,PDT000024220.1,SAMN03197811,GCA_001055475.1
PDS000000897.1,PDT000024251.1,SAMN03197871,GCA_001057865.1
PDS000000897.1,PDT000024252.1,SAMN03197881,GCA_001057915.1
PDS000000874.1,PDT000025010.1,SAMN07982056,GCA_002945295.1
PDS000000874.1,PDT000025066.1,SAMN07981901,GCA_002947155.1
PDS000000874.1,PDT000025081.1,SAMN07981986,GCA_002947555.1
PDS000000908.1,PDT000027136.1,SAMEA104567385,GCA_902163165.1
PDS000000908.1,PDT000027184.1,SAMEA4608506,GCA_902163935.1
PDS000000908.1,PDT000027186.1,SAMEA4608505,GCA_902163995.1
PDS000000895.1,PDT000024268.1,SAMN03198083,GCA_001059265.1
PDS000000895.1,PDT000024275.1,SAMN03198139,GCA_001059885.1
PDS000000895.1,PDT000024282.1,SAMN03198141,GCA_001075895.1
PDS000000732.1,PDT000027260.1,SAMEA104694469,GCA_902165545.1
PDS000000732.1,PDT000027261.1,SAMEA104694468,GCA_902165515.1
PDS000000732.1,PDT000027268.1,SAMEA104694467,GCA_902165585.1
PDS000000911.1,PDT000027134.1,SAMEA104567369,GCA_902163115.1
PDS000000911.1,PDT000027172.1,SAMEA4608501,GCA_902163835.1
PDS000000911.1,PDT000027177.1,SAMEA4608502,GCA_902163905.1
PDS000000871.1,PDT000025102.1,SAMN07981959,GCA_002948095.1
PDS000000871.1,PDT000025118.1,SAMN07981932,GCA_002948495.1
PDS000000881.1,PDT000023693.1,SAMEA2272087,GCA_000317915.1
PDS000000881.1,PDT000024469.1,SAMEA4051743,GCA_900092155.1
PDS000000881.1,PDT000024470.1,SAMEA4051744,GCA_900092145.1
PDS000000743.1,PDT000024197.1,SAMN03197146,GCA_001054015.1
PDS000000743.1,PDT000024247.1,SAMN03197802,GCA_001057515.1
PDS000000743.1,PDT000024248.1,SAMN03197821,GCA_001057625.1
PDS000000869.1,PDT000024973.1,SAMN07982077,GCA_002944295.1
PDS000000869.1,PDT000025120.1,SAMN07981930,GCA_002948535.1
PDS000000869.1,PDT000025139.1,SAMN07981952,GCA_002949015.1
PDS000000821.1,PDT000026974.1,SAMEA104567453,GCA_902159055.1
PDS000000821.1,PDT000027222.1,SAMEA104567747,GCA_902164735.1
PDS000000821.1,PDT000027225.1,SAMEA104567746,GCA_902164755.1
PDS000000866.1,PDT000027206.1,SAMEA104694349,GCA_902164385.1
PDS000000866.1,PDT000027208.1,SAMEA104694352,GCA_902164395.1
PDS000000866.1,PDT000027298.1,SAMEA104694350,GCA_902166695.1
PDS000000721.1,PDT000027259.1,SAMEA104694471,GCA_902165505.1
PDS000000721.1,PDT000027271.1,SAMEA104694474,GCA_902165605.1
PDS000000721.1,PDT000027272.1,SAMEA104694473,GCA_902165595.1
PDS000000688.1,PDT000026964.1,SAMEA104567321,GCA_902158935.1
PDS000000688.1,PDT000027163.1,SAMEA4608477,GCA_902163735.1
PDS000000688.1,PDT000027281.1,SAMEA104694480,GCA_902165785.1
PDS000000916.1,PDT000027159.1,SAMEA4608480,GCA_902163715.1
PDS000000916.1,PDT000027161.1,SAMEA4608479,GCA_902163705.1
PDS000000916.1,PDT000027181.1,SAMEA4608497,GCA_902163885.1
PDS000000677.1,PDT000027143.1,SAMEA4608451,GCA_902163465.1
PDS000000677.1,PDT000027282.1,SAMEA104694484,GCA_902165755.1
PDS000000677.1,PDT000027283.1,SAMEA104694483,GCA_902165775.1
PDS000000813.1,PDT000025482.1,SAMN10272871,GCA_003796605.1
PDS000000813.1,PDT000025485.1,SAMN10272872,GCA_003796665.1
PDS000000969.1,PDT000025703.1,SAMN08195911,GCA_004125695.1
PDS000000686.1,PDT000025062.1,SAMN07981905,GCA_002947055.1
PDS000000788.1,PDT000026972.1,SAMEA104567461,GCA_902158995.1
PDS000000788.1,PDT000027228.1,SAMEA104694403,GCA_902164945.1
PDS000000922.1,PDT000027144.1,SAMEA4608454,GCA_902163475.1
PDS000000922.1,PDT000027145.1,SAMEA4608453,GCA_902163415.1
PDS000000919.1,PDT000027151.1,SAMEA4608465,GCA_902163615.1
PDS000000919.1,PDT000027236.1,SAMEA104694407,GCA_902164995.1
PDS000000918.1,PDT000027154.1,SAMEA4608473,GCA_902163675.1
PDS000000918.1,PDT000027156.1,SAMEA4608474,GCA_902163635.1
PDS000000917.1,PDT000026962.1,SAMEA104567328,GCA_902158905.1
PDS000000917.1,PDT000027158.1,SAMEA4608482,GCA_902163725.1
PDS000000914.1,PDT000027155.1,SAMEA4608475,GCA_902163655.1
PDS000000914.1,PDT000027162.1,SAMEA4608476,GCA_902163695.1
PDS000000913.1,PDT000026980.1,SAMEA104567579,GCA_902159175.1
PDS000000913.1,PDT000027167.1,SAMEA4608489,GCA_902163755.1
PDS000000912.1,PDT000027152.1,SAMEA4608470,GCA_902163645.1
PDS000000912.1,PDT000027169.1,SAMEA4608486,GCA_902163795.1
PDS000000907.1,PDT000027193.1,SAMEA104694314,GCA_902164115.1
PDS000000907.1,PDT000027289.1,SAMEA4623311,GCA_902165945.1
PDS000000906.1,PDT000027197.1,SAMEA104694329,GCA_902164245.1
PDS000000906.1,PDT000027199.1,SAMEA104694330,GCA_902164315.1
PDS000000905.1,PDT000027200.1,SAMEA104694338,GCA_902164275.1
PDS000000905.1,PDT000027202.1,SAMEA104694339,GCA_902164325.1
PDS000000899.1,PDT000027090.1,SAMEA104567713,GCA_902161935.1
PDS000000899.1,PDT000027201.1,SAMEA104694340,GCA_902164295.1
PDS000000877.1,PDT000027204.1,SAMEA104694346,GCA_902164335.1
PDS000000877.1,PDT000027205.1,SAMEA104694345,GCA_902164355.1
PDS000000843.1,PDT000027170.1,SAMEA4608484,GCA_902163805.1
PDS000000843.1,PDT000027213.1,SAMEA104694353,GCA_902164485.1
PDS000000832.1,PDT000027221.1,SAMEA104567745,GCA_902164775.1
PDS000000832.1,PDT000027301.1,SAMEA4623312,GCA_902166775.1
PDS000000810.1,PDT000027097.1,SAMEA104567739,GCA_902162145.1
PDS000000810.1,PDT000027223.1,SAMEA104567741,GCA_902164765.1
PDS000000925.1,PDT000027120.1,SAMEA104567362,GCA_902162985.1
PDS000000925.1,PDT000027173.1,SAMEA4608494,GCA_902163845.1
PDS000000666.1,PDT000026982.1,SAMEA104567553,GCA_902159255.1
PDS000000666.1,PDT000027288.1,SAMEA104694496,GCA_902165915.1
PDS000000655.1,PDT000027189.1,SAMEA104694311,GCA_902164015.1
PDS000000655.1,PDT000027290.1,SAMEA4623323,GCA_902165975.1
PDS000000943.1,PDT000027304.1,SAMD00169687,GCA_007034765.1
PDS000000943.1,PDT000027306.1,SAMD00169689,GCA_007034965.1
PDS000000921.1,PDT000024112.1,SAMN02641563,GCA_000524625.1
PDS000000921.1,PDT000024137.1,SAMN02950891,GCA_000763435.1
PDS000000910.1,PDT000024175.1,SAMN03197116,GCA_001052275.1
PDS000000910.1,PDT000025012.1,SAMN07982096,GCA_002945355.1
PDS000000854.1,PDT000024194.1,SAMN03197324,GCA_001053495.1
PDS000000854.1,PDT000024229.1,SAMN03197434,GCA_001056045.1
PDS000000632.1,PDT000024211.1,SAMN03197552,GCA_001054975.1
PDS000000632.1,PDT000024238.1,SAMN03197621,GCA_001056735.1
PDS000000900.1,PDT000024243.1,SAMN03197766,GCA_001057325.1
PDS000000900.1,PDT000024244.1,SAMN03197767,GCA_001057355.1
PDS000000898.1,PDT000024249.1,SAMN03197848,GCA_001057765.1
PDS000000898.1,PDT000024250.1,SAMN03197867,GCA_001057835.1
PDS000000896.1,PDT000024260.1,SAMN03197961,GCA_001058335.1
PDS000000896.1,PDT000024267.1,SAMN03197944,GCA_001059045.1
PDS000000894.1,PDT000024288.1,SAMN02299461,GCA_000294005.2
PDS000000894.1,PDT000024319.1,SAMN02299462,GCA_000294025.2
PDS000000892.1,PDT000024348.1,SAMN02436708,GCA_000415325.2
PDS000000892.1,PDT000024349.1,SAMN02436839,GCA_000415385.2
PDS000000887.1,PDT000024516.1,SAMEA18421918,GCA_900143415.1
PDS000000887.1,PDT000024534.1,SAMEA23874418,GCA_900148695.1
PDS000000885.1,PDT000024586.1,SAMN04621616,GCA_001689055.2
PDS000000885.1,PDT000024853.1,SAMN03856105,GCA_002221625.2
PDS000000657.1,PDT000027054.1,SAMEA104567625,GCA_902161115.1
PDS000000657.1,PDT000027057.1,SAMEA104567624,GCA_902161145.1
PDS000000781.1,PDT000023937.1,SAMN00809222,GCA_000394975.1
PDS000000781.1,PDT000026151.1,SAMEA3632059,GCA_901543445.1
PDS000000658.1,PDT000023773.1,SAMN00847608,GCA_000392995.1
PDS000000658.1,PDT000026152.1,SAMEA3632061,GCA_901543485.1
PDS000000927.1,PDT000026213.1,SAMN12082471,GCA_006541335.1
PDS000000927.1,PDT000026216.1,SAMN12082473,GCA_006541405.1
PDS000000915.1,PDT000026217.1,SAMN12082507,GCA_006541435.1
PDS000000915.1,PDT000026237.1,SAMN12082482,GCA_006541805.1
PDS000000766.1,PDT000026958.1,SAMEA104567421,GCA_902158855.1
PDS000000766.1,PDT000027187.1,SAMEA4608509,GCA_902163975.1
PDS000000903.1,PDT000026971.1,SAMEA104567434,GCA_902159005.1
PDS000000903.1,PDT000027050.1,SAMEA104567604,GCA_902160975.1
PDS000000879.1,PDT000026981.1,SAMEA104567545,GCA_902159165.1
PDS000000879.1,PDT000026983.1,SAMEA104567546,GCA_902159185.1
PDS000000853.1,PDT000026989.1,SAMEA104567686,GCA_902159455.1
PDS000000853.1,PDT000027071.1,SAMEA104567685,GCA_902161595.1
PDS000000841.1,PDT000026999.1,SAMEA104567439,GCA_902159705.1
PDS000000841.1,PDT000027002.1,SAMEA104567440,GCA_902159755.1
PDS000000817.1,PDT000027011.1,SAMEA104567481,GCA_902159975.1
PDS000000817.1,PDT000027017.1,SAMEA104567480,GCA_902160015.1
PDS000000742.1,PDT000027026.1,SAMEA104567509,GCA_902160135.1
PDS000000742.1,PDT000027029.1,SAMEA104567510,GCA_902160235.1
PDS000000730.1,PDT000027030.1,SAMEA104567520,GCA_902160285.1
PDS000000730.1,PDT000027031.1,SAMEA104567504,GCA_902160295.1
PDS000000682.1,PDT000027047.1,SAMEA104567589,GCA_902160805.1
PDS000000682.1,PDT000027049.1,SAMEA104567588,GCA_902160815.1
PDS000000670.1,PDT000026966.1,SAMEA104567327,GCA_902158895.1
PDS000000670.1,PDT000027056.1,SAMEA104567623,GCA_902161125.1
PDS000000884.1,PDT000024589.1,SAMN06190458,GCA_002106875.1
PDS000000884.1,PDT000024591.1,SAMN06190459,GCA_002106915.1
PDS000000645.1,PDT000027063.1,SAMEA104567659,GCA_902161445.1
PDS000000645.1,PDT000027064.1,SAMEA104567658,GCA_902161465.1
PDS000000975.1,PDT000026978.1,SAMEA104567494,GCA_902159145.1
PDS000000975.1,PDT000027065.1,SAMEA104567660,GCA_902161475.1
PDS000000963.1,PDT000027066.1,SAMEA104567671,GCA_902161555.1
PDS000000963.1,PDT000027068.1,SAMEA104567672,GCA_902161545.1
PDS000000951.1,PDT000027067.1,SAMEA104567670,GCA_902161515.1
PDS000000951.1,PDT000027069.1,SAMEA104567669,GCA_902161525.1
PDS000000942.1,PDT000027076.1,SAMEA104567696,GCA_902161695.1
PDS000000942.1,PDT000027077.1,SAMEA104567697,GCA_902161705.1
PDS000000941.1,PDT000027081.1,SAMEA104567704,GCA_902161855.1
PDS000000941.1,PDT000027082.1,SAMEA104567705,GCA_902161805.1
PDS000000940.1,PDT000027083.1,SAMEA104567708,GCA_902161875.1
PDS000000940.1,PDT000027084.1,SAMEA104567709,GCA_902161795.1
PDS000000937.1,PDT000027091.1,SAMEA104567731,GCA_902161975.1
PDS000000937.1,PDT000027094.1,SAMEA104567729,GCA_902162025.1
PDS000000936.1,PDT000026987.1,SAMEA104567722,GCA_902159335.1
PDS000000936.1,PDT000027095.1,SAMEA104567721,GCA_902162075.1
PDS000000935.1,PDT000027098.1,SAMEA104567734,GCA_902162135.1
PDS000000935.1,PDT000027180.1,SAMEA4608493,GCA_902163895.1
PDS000000933.1,PDT000027105.1,SAMEA104567766,GCA_902162275.1
PDS000000933.1,PDT000027210.1,SAMEA104694358,GCA_902164425.1
PDS000000931.1,PDT000027104.1,SAMEA104567772,GCA_902162345.1
PDS000000931.1,PDT000027107.1,SAMEA104567761,GCA_902162295.1
PDS000000930.1,PDT000027108.1,SAMEA104567334,GCA_902162785.1
PDS000000930.1,PDT000027179.1,SAMEA4608490,GCA_902163855.1
PDS000000929.1,PDT000027110.1,SAMEA104567339,GCA_902162865.1
PDS000000929.1,PDT000027114.1,SAMEA104567337,GCA_902162815.1
PDS000000791.1,PDT000023781.1,SAMN00847616,GCA_000393155.1
PDS000000791.1,PDT000025873.1,SAMEA3672887,GCA_900683565.1
PDS000000826.1,PDT000025400.1,SAMEA3879483,GCA_900447745.1
PDS000000825.1,PDT000025401.1,SAMEA3879484,GCA_900447885.1
PDS000000823.1,PDT000025404.1,SAMEA3923598,GCA_900447765.1
PDS000000818.1,PDT000025408.1,SAMEA4557822,GCA_900448285.1
PDS000000904.1,PDT000025812.1,SAMN10829702,GCA_004168065.1
PDS000000904.1,PDT000026145.1,SAMN11961986,GCA_006335085.1
PDS000000811.1,PDT000025577.1,SAMN09521589,GCA_003962325.1
PDS000000811.1,PDT000025590.1,SAMN09521581,GCA_003962635.1
PDS000000808.1,PDT000023766.1,SAMN00847601,GCA_000392855.1
PDS000000808.1,PDT000025606.1,SAMEA1046663,GCA_900636775.1
PDS000000807.1,PDT000025608.1,SAMD00113788,GCA_003966385.1
PDS000000807.1,PDT000025609.1,SAMD00113789,GCA_003966405.1
PDS000000804.1,PDT000025675.1,SAMN10424979,GCA_004103185.1
PDS000000804.1,PDT000025677.1,SAMN10424977,GCA_004103195.1
PDS000000803.1,PDT000025230.1,SAMN08957535,GCA_003075155.1
PDS000000803.1,PDT000025684.1,SAMN10424962,GCA_004103435.1
PDS000000802.1,PDT000025687.1,SAMN08195909,GCA_004120285.1
PDS000000802.1,PDT000025707.1,SAMN08195910,GCA_004125915.1
PDS000000801.1,PDT000025688.1,SAMN08195912,GCA_004120275.1
PDS000000801.1,PDT000025699.1,SAMN08195915,GCA_004125655.1
PDS000000800.1,PDT000025708.1,SAMN08195906,GCA_004125925.1
PDS000000800.1,PDT000025709.1,SAMN08195904,GCA_004125935.1
PDS000000797.1,PDT000025715.1,SAMN08195896,GCA_004126045.1
PDS000000797.1,PDT000025718.1,SAMN08195883,GCA_004126115.1
PDS000000792.1,PDT000023945.1,SAMN00809230,GCA_000395135.1
PDS000000792.1,PDT000025870.1,SAMEA3632060,GCA_900683515.1
PDS000000827.1,PDT000025399.1,SAMEA3867456,GCA_900447705.1
PDS000000790.1,PDT000024086.1,SAMN02333878,GCA_000519465.1
PDS000000790.1,PDT000024107.1,SAMN02333899,GCA_000519885.1
PDS000000786.1,PDT000023950.1,SAMN00809239,GCA_000395285.1
PDS000000786.1,PDT000024105.1,SAMN02333897,GCA_000519845.1
PDS000000784.1,PDT000025893.1,SAMN09475313,GCA_005154485.1
PDS000000784.1,PDT000026156.1,SAMN10346775,GCA_006364815.1
PDS000000778.1,PDT000026004.1,SAMN09435198,GCA_005236595.1
PDS000000778.1,PDT000026060.1,SAMN09435193,GCA_005237765.1
PDS000000769.1,PDT000024150.1,SAMN03200200,GCA_000788175.1
PDS000000767.1,PDT000024148.1,SAMN03200202,GCA_000788155.1
PDS000000764.1,PDT000024152.1,SAMN03200204,GCA_000788235.1
PDS000000763.1,PDT000024149.1,SAMN03200205,GCA_000788165.1
PDS000000761.1,PDT000024153.1,SAMN03200206,GCA_000788255.1
PDS000000852.1,PDT000023769.1,SAMN00847604,GCA_000392915.1
PDS000000852.1,PDT000023820.1,SAMN00792305,GCA_000390785.1
PDS000000883.1,PDT000024605.1,SAMN06644811,GCA_002110335.1
PDS000000883.1,PDT000024606.1,SAMN06644838,GCA_002110385.1
PDS000000882.1,PDT000024798.1,SAMN04634034,GCA_002140335.1
PDS000000882.1,PDT000024799.1,SAMN04634061,GCA_002140345.1
PDS000000878.1,PDT000024920.1,SAMEA104168462,GCA_900205805.1
PDS000000878.1,PDT000024921.1,SAMEA104168463,GCA_900205835.1
PDS000000876.1,PDT000024922.1,SAMEA104168465,GCA_900205855.1
PDS000000876.1,PDT000024923.1,SAMEA104168466,GCA_900205785.1
PDS000000875.1,PDT000025055.1,SAMN07981911,GCA_002946875.1
PDS000000875.1,PDT000025124.1,SAMN07981926,GCA_002948635.1
PDS000000873.1,PDT000025067.1,SAMN07981999,GCA_002947175.1
PDS000000873.1,PDT000025078.1,SAMN07982001,GCA_002947455.1
PDS000000870.1,PDT000024993.1,SAMN07982043,GCA_002944805.1
PDS000000870.1,PDT000025110.1,SAMN07981947,GCA_002948315.1
PDS000000864.1,PDT000025235.1,SAMN09206386,GCA_003144635.1
PDS000000864.1,PDT000025236.1,SAMN09206384,GCA_003144655.1
PDS000000862.1,PDT000023761.1,SAMN00847596,GCA_000392755.1
PDS000000862.1,PDT000023952.1,SAMN00839772,GCA_000395365.1
PDS000000860.1,PDT000023672.1,SAMN00189113,GCA_000148185.1
PDS000000860.1,PDT000023780.1,SAMN00847615,GCA_000393135.1
PDS000000859.1,PDT000023801.1,SAMN00839766,GCA_000393555.1
PDS000000858.1,PDT000023802.1,SAMN00839767,GCA_000393575.1
PDS000000858.1,PDT000023818.1,SAMN00792303,GCA_000390745.1
PDS000000857.1,PDT000023811.1,SAMN00792322,GCA_000390605.1
PDS000000857.1,PDT000023812.1,SAMN00792323,GCA_000390625.1
PDS000000856.1,PDT000023814.1,SAMN00792325,GCA_000390665.1
PDS000000856.1,PDT000023816.1,SAMN00792301,GCA_000390705.1
PDS000000851.1,PDT000023843.1,SAMN00808902,GCA_000391265.1
PDS000000851.1,PDT000023987.1,SAMN00808875,GCA_000396065.1
PDS000000849.1,PDT000023602.1,SAMN02595249,GCA_000157135.1
PDS000000849.1,PDT000023896.1,SAMN00809126,GCA_000394135.1
PDS000000846.1,PDT000023629.1,SAMN00002227,GCA_000160155.1
PDS000000846.1,PDT000023927.1,SAMN00809211,GCA_000394775.1
PDS000000845.1,PDT000023904.1,SAMN00809135,GCA_000394295.1
PDS000000845.1,PDT000023929.1,SAMN00809213,GCA_000394815.1
PDS000000844.1,PDT000023669.1,SAMN00189116,GCA_000148125.1
PDS000000844.1,PDT000023934.1,SAMN00809218,GCA_000394915.1
PDS000000842.1,PDT000023627.1,SAMN00001464,GCA_000159655.1
PDS000000842.1,PDT000023939.1,SAMN00809224,GCA_000395015.1
PDS000000840.1,PDT000023908.1,SAMN00809139,GCA_000394375.1
PDS000000840.1,PDT000023946.1,SAMN00809233,GCA_000395175.1
PDS000000839.1,PDT000024027.1,SAMN00809097,GCA_000396865.1
PDS000000839.1,PDT000024029.1,SAMN00809119,GCA_000396905.1
PDS000000837.1,PDT000025147.1,SAMN07981924,GCA_002949225.1
PDS000000837.1,PDT000025283.1,SAMN02729190,GCA_003319735.1
PDS000000836.1,PDT000025071.1,SAMN07981995,GCA_002947275.1
PDS000000836.1,PDT000025285.1,SAMN02729191,GCA_003319755.1
PDS000000835.1,PDT000025281.1,SAMN02729103,GCA_003319675.1
PDS000000835.1,PDT000025296.1,SAMN02729131,GCA_003319995.1
PDS000000834.1,PDT000025392.1,SAMEA3679188,GCA_900447825.1
PDS000000830.1,PDT000025397.1,SAMEA3867454,GCA_900447755.1
PDS000000828.1,PDT000025398.1,SAMEA3867455,GCA_900447855.1
PDS000000824.1,PDT000001639.1,SAMEA4360795,
PDS000000824.1,PDT000001640.1,SAMEA4360796,
PDS000000824.1,PDT000001641.1,SAMEA4360797,
PDS000000824.1,PDT000001642.1,SAMEA4360798,
PDS000000824.1,PDT000001643.1,SAMEA4360799,
PDS000000824.1,PDT000001644.1,SAMEA4360800,
PDS000000824.1,PDT000001645.1,SAMEA4360801,
PDS000000824.1,PDT000001646.1,SAMEA4360802,
PDS000000824.1,PDT000001647.1,SAMEA4360803,
PDS000000824.1,PDT000001648.1,SAMEA4360804,
PDS000000824.1,PDT000001649.1,SAMEA4360805,
PDS000000824.1,PDT000001650.2,SAMEA4360806,
PDS000000824.1,PDT000001651.2,SAMEA4360807,
PDS000000824.1,PDT000001810.1,SAMEA3893984,
PDS000000824.1,PDT000001811.1,SAMEA3893985,
PDS000000824.1,PDT000005321.2,SAMEA4553761,
PDS000000824.1,PDT000007095.1,SAMEA5128242,
PDS000000824.1,PDT000009020.1,SAMEA4844051,
PDS000000824.1,PDT000009150.1,SAMEA2160837,
PDS000000824.1,PDT000009203.1,SAMEA2160037,
PDS000000824.1,PDT000009215.1,SAMEA2146580,
PDS000000824.1,PDT000009276.1,SAMEA2142599,
PDS000000824.1,PDT000009294.1,SAMEA2150184,
PDS000000824.1,PDT000009332.1,SAMEA2144168,
PDS000000824.1,PDT000009337.1,SAMEA2162491,
PDS000000824.1,PDT000009339.1,SAMEA2145973,
PDS000000824.1,PDT000009389.1,SAMEA1968970,
PDS000000824.1,PDT000009416.1,SAMEA2161362,
PDS000000824.1,PDT000009433.1,SAMEA2147403,
PDS000000824.1,PDT000009442.1,SAMEA2148333,
PDS000000824.1,PDT000009496.1,SAMEA2156716,
PDS000000824.1,PDT000009499.1,SAMEA2153602,
PDS000000824.1,PDT000009512.1,SAMEA2151355,
PDS000000824.1,PDT000009539.1,SAMEA2159221,
PDS000000824.1,PDT000009549.1,SAMEA2145033,
PDS000000824.1,PDT000009563.1,SAMEA2156125,
PDS000000824.1,PDT000009568.1,SAMEA2151529,
PDS000000824.1,PDT000009584.1,SAMEA2146715,
PDS000000824.1,PDT000009609.1,SAMEA2147083,
PDS000000824.1,PDT000009622.1,SAMEA2142389,
PDS000000824.1,PDT000009660.1,SAMEA2156623,
PDS000000824.1,PDT000009666.1,SAMEA2158337,
PDS000000824.1,PDT000009681.1,SAMEA2163627,
PDS000000824.1,PDT000009687.1,SAMEA2150155,
PDS000000824.1,PDT000009690.1,SAMEA2153296,
PDS000000824.1,PDT000009696.1,SAMEA2145411,
PDS000000824.1,PDT000009703.1,SAMEA2151920,
PDS000000824.1,PDT000009748.1,SAMEA2156874,
PDS000000824.1,PDT000009750.1,SAMEA2152135,
PDS000000824.1,PDT000009766.1,SAMEA2158865,
PDS000000824.1,PDT000009786.1,SAMEA2143110,
PDS000000824.1,PDT000009789.1,SAMEA2153619,
PDS000000824.1,PDT000009813.1,SAMEA2144646,
PDS000000824.1,PDT000009833.1,SAMEA2147741,
PDS000000824.1,PDT000009858.1,SAMEA2153282,
PDS000000824.1,PDT000009908.1,SAMEA1972329,
PDS000000824.1,PDT000010028.1,SAMEA2154847,
PDS000000824.1,PDT000010085.1,SAMEA2143885,
PDS000000824.1,PDT000010222.1,SAMEA2151525,
PDS000000824.1,PDT000010251.1,SAMEA2161137,
PDS000000824.1,PDT000017304.1,SAMN06007780,
PDS000000824.1,PDT000019365.1,SAMN09401165,
PDS000000824.1,PDT000019776.1,SAMN09401467,
PDS000000824.1,PDT000019779.1,SAMN09401464,
PDS000000824.1,PDT000020216.1,SAMN09401376,
PDS000000824.1,PDT000020698.1,SAMN09685643,
PDS000000824.1,PDT000020704.1,SAMN09685583,
PDS000000824.1,PDT000020709.1,SAMN09685588,
PDS000000824.1,PDT000020719.1,SAMN09685533,
PDS000000824.1,PDT000020732.1,SAMN09685519,
PDS000000824.1,PDT000020734.1,SAMN09685521,
PDS000000824.1,PDT000020747.1,SAMN09685511,
PDS000000824.1,PDT000020800.1,SAMN09685547,
PDS000000824.1,PDT000020848.1,SAMN09685508,
PDS000000824.1,PDT000021012.1,SAMN10039235,
PDS000000824.1,PDT000021031.1,SAMN10039236,
PDS000000824.1,PDT000021059.1,SAMN10039300,
PDS000000824.1,PDT000021060.1,SAMN10039233,
PDS000000824.1,PDT000021063.1,SAMN10039299,
PDS000000824.1,PDT000021075.1,SAMN10039307,
PDS000000824.1,PDT000021076.1,SAMN10039231,
PDS000000824.1,PDT000021092.1,SAMN10039271,
PDS000000824.1,PDT000021093.2,SAMN10039272,
PDS000000824.1,PDT000021095.1,SAMN10039270,
PDS000000824.1,PDT000021096.1,SAMN10039198,
PDS000000824.1,PDT000021097.1,SAMN10039197,
PDS000000824.1,PDT000021139.1,SAMN10039219,
PDS000000824.1,PDT000021140.1,SAMN10039220,
PDS000000824.1,PDT000021143.1,SAMN10039223,
PDS000000824.1,PDT000021144.1,SAMN10039224,
PDS000000824.1,PDT000021145.1,SAMN10039225,
PDS000000824.1,PDT000021146.1,SAMN10039226,
PDS000000824.1,PDT000021147.1,SAMN10039227,
PDS000000824.1,PDT000021204.1,SAMN10039248,
PDS000000824.1,PDT000021205.1,SAMN10039247,
PDS000000824.1,PDT000021207.1,SAMN10039243,
PDS000000824.1,PDT000021208.1,SAMN10039246,
PDS000000824.1,PDT000021211.1,SAMN10039239,
PDS000000824.1,PDT000021213.1,SAMN10039241,
PDS000000824.1,PDT000021214.1,SAMN10039183,
PDS000000824.1,PDT000021216.1,SAMN10039185,
PDS000000824.1,PDT000021217.1,SAMN10039186,
PDS000000824.1,PDT000021220.1,SAMN10039181,
PDS000000824.1,PDT000021222.1,SAMN10039187,
PDS000000824.1,PDT000021223.1,SAMN10039188,
PDS000000824.1,PDT000021284.1,SAMN10039298,
PDS000000824.1,PDT000021297.1,SAMN10039289,
PDS000000824.1,PDT000021302.2,SAMN10039279,
PDS000000824.1,PDT000021303.1,SAMN10039230,
PDS000000824.1,PDT000021313.2,SAMN10039251,
PDS000000824.1,PDT000021316.1,SAMN10039257,
PDS000000824.1,PDT000021367.1,SAMN10039260,
PDS000000824.1,PDT000021369.2,SAMN10039266,
PDS000000824.1,PDT000021370.1,SAMN10039265,
PDS000000824.1,PDT000021371.1,SAMN10039264,
PDS000000824.1,PDT000021372.2,SAMN10039263,
PDS000000824.1,PDT000021373.1,SAMN10039268,
PDS000000824.1,PDT000021375.1,SAMN10039275,
PDS000000824.1,PDT000021376.2,SAMN10039276,
PDS000000824.1,PDT000021377.1,SAMN10039273,
PDS000000824.1,PDT000021378.1,SAMN10039274,
PDS000000824.1,PDT000021387.1,SAMN10039193,
PDS000000824.1,PDT000021391.1,SAMN10039196,
PDS000000824.1,PDT000021392.1,SAMN10039195,
PDS000000824.1,PDT000021398.1,SAMN10039190,
PDS000000824.1,PDT000021410.1,SAMN10039192,
PDS000000824.1,PDT000021411.1,SAMN10039191,
PDS000000824.1,PDT000021415.1,SAMN10039313,
PDS000000824.1,PDT000021416.1,SAMN10039314,
PDS000000824.1,PDT000021417.1,SAMN10039311,
PDS000000824.1,PDT000021418.1,SAMN10039312,
PDS000000824.1,PDT000021420.1,SAMN10039310,
PDS000000824.1,PDT000021424.1,SAMN10039162,
PDS000000824.1,PDT000021426.1,SAMN10039160,
PDS000000824.1,PDT000021427.1,SAMN10039165,
PDS000000824.1,PDT000021429.2,SAMN10039163,
PDS000000824.1,PDT000021430.1,SAMN10039164,
PDS000000824.1,PDT000021452.1,SAMN10039306,
PDS000000824.1,PDT000021453.1,SAMN10039305,
PDS000000824.1,PDT000021454.1,SAMN10039304,
PDS000000824.1,PDT000021456.1,SAMN10039302,
PDS000000824.1,PDT000021458.1,SAMN10039207,
PDS000000824.1,PDT000021459.1,SAMN10039208,
PDS000000824.1,PDT000021460.1,SAMN10039205,
PDS000000824.1,PDT000021461.1,SAMN10039206,
PDS000000824.1,PDT000021464.1,SAMN10039201,
PDS000000824.1,PDT000021467.1,SAMN10039200,
PDS000000824.1,PDT000021526.1,SAMN10039269,
PDS000000824.1,PDT000021560.1,SAMN10039167,
PDS000000824.1,PDT000021561.1,SAMN10039168,
PDS000000824.1,PDT000021567.2,SAMN10039237,
PDS000000824.1,PDT000021598.2,SAMN10039146,
PDS000000824.1,PDT000021600.2,SAMN10039282,
PDS000000824.1,PDT000021602.1,SAMN10039280,
PDS000000824.1,PDT000021603.1,SAMN10039283,
PDS000000824.1,PDT000021610.1,SAMN10039141,
PDS000000824.1,PDT000021611.1,SAMN10039142,
PDS000000824.1,PDT000021613.1,SAMN10039144,
PDS000000824.1,PDT000021614.1,SAMN10039145,
PDS000000824.1,PDT000021615.2,SAMN10039284,
PDS000000824.1,PDT000021652.1,SAMN10039253,
PDS000000824.1,PDT000021653.1,SAMN10039254,
PDS000000824.1,PDT000021655.1,SAMN10039256,
PDS000000824.1,PDT000021656.1,SAMN10039249,
PDS000000824.1,PDT000021658.2,SAMN10039218,
PDS000000824.1,PDT000021659.1,SAMN10039217,
PDS000000824.1,PDT000021660.1,SAMN10039216,
PDS000000824.1,PDT000021665.2,SAMN10039211,
PDS000000824.1,PDT000021685.1,SAMN10039154,
PDS000000824.1,PDT000021689.1,SAMN10039153,
PDS000000824.1,PDT000021693.1,SAMN10039158,
PDS000000824.1,PDT000021694.1,SAMN10039157,
PDS000000824.1,PDT000021697.1,SAMN10039288,
PDS000000824.1,PDT000021699.1,SAMN10039287,
PDS000000824.1,PDT000021729.1,SAMN10039278,
PDS000000824.1,PDT000021737.1,SAMN10039290,
PDS000000824.1,PDT000021738.1,SAMN10039152,
PDS000000824.1,PDT000021739.2,SAMN10039292,
PDS000000824.1,PDT000021740.2,SAMN10039293,
PDS000000824.1,PDT000021741.1,SAMN10039294,
PDS000000824.1,PDT000021744.1,SAMN10039172,
PDS000000824.1,PDT000021745.1,SAMN10039171,
PDS000000824.1,PDT000021746.1,SAMN10039170,
PDS000000824.1,PDT000021747.1,SAMN10039169,
PDS000000824.1,PDT000021748.2,SAMN10039176,
PDS000000824.1,PDT000021749.1,SAMN10039175,
PDS000000824.1,PDT000021751.1,SAMN10039173,
PDS000000824.1,PDT000021756.1,SAMN10039151,
PDS000000729.1,PDT000015694.1,SAMN03742408,
PDS000000729.1,PDT000015695.1,SAMN03742417,
PDS000000729.1,PDT000015696.1,SAMN03742418,
PDS000000729.1,PDT000015697.1,SAMN03742419,
PDS000000729.1,PDT000015698.1,SAMN03742420,
PDS000000729.1,PDT000015699.1,SAMN03742421,
PDS000000729.1,PDT000015700.1,SAMN03742422,
PDS000000729.1,PDT000015701.2,SAMN03742424,
PDS000000729.1,PDT000015702.1,SAMN03742425,
PDS000000729.1,PDT000015703.1,SAMN03742427,
PDS000000729.1,PDT000015704.1,SAMN03742428,
PDS000000729.1,PDT000015705.1,SAMN03742429,
PDS000000729.1,PDT000015706.2,SAMN03742431,
PDS000000729.1,PDT000015707.1,SAMN03742430,
PDS000000729.1,PDT000015708.1,SAMN03742432,
PDS000000729.1,PDT000015709.1,SAMN03742433,
PDS000000729.1,PDT000015710.1,SAMN03742434,
PDS000000729.1,PDT000015711.1,SAMN03742435,
PDS000000729.1,PDT000015712.1,SAMN03742436,
PDS000000729.1,PDT000015713.1,SAMN03742437,
PDS000000729.1,PDT000015714.1,SAMN03742438,
PDS000000729.1,PDT000015715.1,SAMN03742439,
PDS000000729.1,PDT000015716.1,SAMN03742440,
PDS000000729.1,PDT000015717.1,SAMN03742441,
PDS000000729.1,PDT000015718.2,SAMN03742442,
PDS000000729.1,PDT000015719.1,SAMN03742443,
PDS000000729.1,PDT000015720.2,SAMN03742444,
PDS000000729.1,PDT000015721.1,SAMN03742445,
PDS000000729.1,PDT000015722.1,SAMN03742446,
PDS000000729.1,PDT000015723.1,SAMN03742447,
PDS000000729.1,PDT000015724.1,SAMN03742448,
PDS000000729.1,PDT000015725.2,SAMN03742449,
PDS000000729.1,PDT000015726.1,SAMN03742412,
PDS000000729.1,PDT000015727.1,SAMN03742413,
PDS000000729.1,PDT000015728.1,SAMN03742414,
PDS000000729.1,PDT000015729.1,SAMN03742415,
PDS000000729.1,PDT000015730.1,SAMN03742416,
PDS000000729.1,PDT000023556.1,SAMN02334576,
PDS000000729.1,PDT000023557.1,SAMN02338776,
PDS000000729.1,PDT000023558.1,SAMN02338777,
PDS000000729.1,PDT000023559.1,SAMN02338778,
PDS000000729.1,PDT000023560.1,SAMN02338779,
PDS000000729.1,PDT000023561.1,SAMN02338780,
PDS000000729.1,PDT000023562.1,SAMN02338781,
PDS000000820.1,PDT000005322.1,SAMEA4553762,
PDS000000820.1,PDT000009149.1,SAMEA2152995,
PDS000000820.1,PDT000009199.1,SAMEA1972446,
PDS000000820.1,PDT000009205.1,SAMEA2153428,
PDS000000820.1,PDT000009241.1,SAMEA2159754,
PDS000000820.1,PDT000009683.1,SAMEA2145783,
PDS000000820.1,PDT000009754.1,SAMEA2151756,
PDS000000820.1,PDT000009769.1,SAMEA2145966,
PDS000000820.1,PDT000009784.1,SAMEA2148097,
PDS000000820.1,PDT000009803.1,SAMEA2154390,
PDS000000820.1,PDT000009856.1,SAMEA2153664,
PDS000000820.1,PDT000009857.1,SAMEA1967838,
PDS000000820.1,PDT000009860.1,SAMEA2157625,
PDS000000820.1,PDT000009873.1,SAMEA2144659,
PDS000000820.1,PDT000009923.1,SAMEA2153271,
PDS000000820.1,PDT000009926.1,SAMEA2147924,
PDS000000820.1,PDT000009978.1,SAMEA2157999,
PDS000000820.1,PDT000010006.1,SAMEA2146490,
PDS000000820.1,PDT000010018.1,SAMEA2155127,
PDS000000820.1,PDT000010207.1,SAMEA2146530,
PDS000000820.1,PDT000010210.1,SAMEA2154682,
PDS000000820.1,PDT000010253.1,SAMEA2157324,
PDS000000820.1,PDT000010279.1,SAMEA2163523,
PDS000000770.1,PDT000003958.2,SAMEA44010418,
PDS000000770.1,PDT000010300.1,SAMEA2242707,
PDS000000770.1,PDT000010301.1,SAMEA2242708,
PDS000000770.1,PDT000010302.1,SAMEA2242709,
PDS000000770.1,PDT000010303.1,SAMEA2242710,
PDS000000770.1,PDT000010304.1,SAMEA2242711,
PDS000000770.1,PDT000010305.1,SAMEA2242712,
PDS000000770.1,PDT000010306.1,SAMEA2242713,
PDS000000770.1,PDT000010307.1,SAMEA2242714,
PDS000000770.1,PDT000010308.1,SAMEA2242715,
PDS000000770.1,PDT000010309.1,SAMEA2242716,
PDS000000770.1,PDT000010310.1,SAMEA2242717,
PDS000000770.1,PDT000010311.1,SAMEA2242718,
PDS000000770.1,PDT000010312.1,SAMEA2242719,
PDS000000770.1,PDT000010313.1,SAMEA2242720,
PDS000000770.1,PDT000010314.1,SAMEA2242721,
PDS000000770.1,PDT000010315.1,SAMEA2242722,
PDS000000770.1,PDT000010316.1,SAMEA2242723,
PDS000000770.1,PDT000010317.1,SAMEA2242724,
PDS000000770.1,PDT000010318.1,SAMEA2242725,
PDS000000770.1,PDT000010319.1,SAMEA2242726,
PDS000000890.1,PDT000018383.1,SAMN07836380,
PDS000000890.1,PDT000018384.1,SAMN07836379,
PDS000000890.1,PDT000018385.1,SAMN07836376,
PDS000000890.1,PDT000018386.1,SAMN07836375,
PDS000000890.1,PDT000018387.1,SAMN07836378,
PDS000000890.1,PDT000018388.1,SAMN07836377,
PDS000000890.1,PDT000018389.1,SAMN07836372,
PDS000000890.1,PDT000018390.1,SAMN07836371,
PDS000000890.1,PDT000018391.1,SAMN07836374,
PDS000000890.1,PDT000018392.1,SAMN07836373,
PDS000000890.1,PDT000018393.1,SAMN07836385,
PDS000000890.1,PDT000018394.1,SAMN07836384,
PDS000000890.1,PDT000018395.1,SAMN07836383,
PDS000000890.1,PDT000018396.1,SAMN07836382,
PDS000000890.1,PDT000018397.1,SAMN07836381,
PDS000000819.1,PDT000010155.1,SAMEA2143677,
PDS000000819.1,PDT000015632.1,SAMN03492374,
PDS000000819.1,PDT000015633.1,SAMN03492391,
PDS000000819.1,PDT000020733.1,SAMN09685522,
PDS000000819.1,PDT000020852.1,SAMN09685503,
PDS000000663.1,PDT000010740.1,SAMEA3268929,
PDS000000663.1,PDT000010751.1,SAMEA3268940,
PDS000000663.1,PDT000020776.1,SAMN09685627,
PDS000000663.1,PDT000020801.1,SAMN09685625,
PDS000000663.1,PDT000020802.2,SAMN09685626,
PDS000000663.1,PDT000020836.1,SAMN09685667,
PDS000000673.1,PDT000020685.1,SAMN09685564,
PDS000000673.1,PDT000020771.1,SAMN09685587,
PDS000000673.1,PDT000020778.2,SAMN09685603,
PDS000000673.1,PDT000020809.1,SAMN09685577,
PDS000000673.1,PDT000020810.1,SAMN09685578,
PDS000000673.1,PDT000020817.1,SAMN09685572,
PDS000000673.1,PDT000020818.1,SAMN09685574,
PDS000000673.1,PDT000020819.1,SAMN09685575,
PDS000000673.1,PDT000020840.2,SAMN09685580,
PDS000000673.1,PDT000020841.1,SAMN09685579,
PDS000000673.1,PDT000020842.1,SAMN09685648,
PDS000000673.1,PDT000020843.1,SAMN09685581,
PDS000000794.1,PDT000020423.1,SAMN09655707,
PDS000000794.1,PDT000020430.2,SAMN09664911,
PDS000000794.1,PDT000021931.1,SAMN10346483,
PDS000000794.1,PDT000021947.1,SAMN10346486,
PDS000000794.1,PDT000021969.1,SAMN10389868,
PDS000000794.1,PDT000022135.1,SAMN10579139,
PDS000000794.1,PDT000022213.1,SAMN10719223,
PDS000000794.1,PDT000022930.1,SAMN11318577,
PDS000000794.1,PDT000022969.1,SAMN11456450,
PDS000000794.1,PDT000023102.1,SAMN11571857,
PDS000000954.1,PDT000001656.1,SAMEA4360813,
PDS000000954.1,PDT000009115.1,SAMEA4844151,
PDS000000954.1,PDT000009116.1,SAMEA4844152,
PDS000000954.1,PDT000009117.1,SAMEA4844153,
PDS000000954.1,PDT000009119.1,SAMEA4844155,
PDS000000954.1,PDT000009120.1,SAMEA4844156,
PDS000000954.1,PDT000014391.1,SAMN03359045,
PDS000000731.1,PDT000017264.1,SAMN00829376,
PDS000000731.1,PDT000017265.1,SAMN00829377,
PDS000000731.1,PDT000017266.1,SAMN00829378,
PDS000000731.1,PDT000017267.1,SAMN00829379,
PDS000000731.1,PDT000017268.1,SAMN00829380,
PDS000000731.1,PDT000017269.1,SAMN00829381,
PDS000000731.1,PDT000017270.1,SAMN00829382,
PDS000000731.1,PDT000017272.1,SAMN00829383,
PDS000000731.1,PDT000017273.1,SAMN00829385,
PDS000000693.1,PDT000018598.1,SAMN08026600,
PDS000000693.1,PDT000018599.1,SAMN08026601,
PDS000000693.1,PDT000018604.1,SAMN08026596,
PDS000000693.1,PDT000018605.1,SAMN08026597,
PDS000000693.1,PDT000018606.1,SAMN08026598,
PDS000000693.1,PDT000018607.1,SAMN08026599,
PDS000000693.1,PDT000018608.1,SAMN08026603,
PDS000000693.1,PDT000018609.2,SAMN08026602,
PDS000000647.1,PDT000021141.1,SAMN10039221,
PDS000000647.1,PDT000021148.1,SAMN10039228,
PDS000000647.1,PDT000021374.1,SAMN10039267,
PDS000000647.1,PDT000021423.1,SAMN10039161,
PDS000000647.1,PDT000021465.1,SAMN10039202,
PDS000000647.1,PDT000021662.1,SAMN10039214,
PDS000000647.1,PDT000021663.1,SAMN10039213,
PDS000000647.1,PDT000021671.1,SAMN10039149,
PDS000000647.1,PDT000021752.1,SAMN10039178,
PDS000000831.1,PDT000021954.1,SAMN10370062,
PDS000000831.1,PDT000021955.1,SAMN10370063,
PDS000000831.1,PDT000021956.1,SAMN10370064,
PDS000000711.1,PDT000014407.1,SAMN03359061,
PDS000000711.1,PDT000014408.1,SAMN03359062,
PDS000000711.1,PDT000014409.1,SAMN03359063,
PDS000000711.1,PDT000014410.1,SAMN03359064,
PDS000000711.1,PDT000014411.1,SAMN03359065,
PDS000000711.1,PDT000014412.1,SAMN03359066,
PDS000000711.1,PDT000014413.1,SAMN03359067,
PDS000000711.1,PDT000014414.1,SAMN03359068,
PDS000000704.1,PDT000014445.1,SAMN03359099,
PDS000000704.1,PDT000014446.1,SAMN03359100,
PDS000000704.1,PDT000014447.1,SAMN03359101,
PDS000000704.1,PDT000014448.1,SAMN03359102,
PDS000000704.1,PDT000014449.1,SAMN03359103,
PDS000000704.1,PDT000014450.1,SAMN03359104,
PDS000000704.1,PDT000014451.1,SAMN03359105,
PDS000000704.1,PDT000014452.1,SAMN03359106,
PDS000000777.1,PDT000009136.1,SAMEA2151932,
PDS000000777.1,PDT000020741.2,SAMN09685655,
PDS000000868.1,PDT000007092.1,SAMEA5128239,
PDS000000868.1,PDT000018655.1,SAMN08329285,
PDS000000868.1,PDT000018658.1,SAMN08329292,
PDS000000868.1,PDT000018662.1,SAMN08329293,
PDS000000868.1,PDT000018665.1,SAMN08329289,
PDS000000868.1,PDT000020718.1,SAMN09685526,
PDS000000652.1,PDT000018006.1,SAMN07537140,
PDS000000652.1,PDT000020306.1,SAMN09489609,
PDS000000652.1,PDT000020321.1,SAMN09544994,
PDS000000652.1,PDT000020931.2,SAMN09933872,
PDS000000652.1,PDT000021838.1,SAMN10139946,
PDS000000652.1,PDT000021885.2,SAMN10242870,
PDS000000652.1,PDT000022858.1,SAMN11234170,
PDS000000740.1,PDT000009097.1,SAMEA4844133,
PDS000000740.1,PDT000009098.1,SAMEA4844134,
PDS000000740.1,PDT000009099.1,SAMEA4844135,
PDS000000740.1,PDT000009100.1,SAMEA4844136,
PDS000000740.1,PDT000009101.1,SAMEA4844137,
PDS000000740.1,PDT000009102.1,SAMEA4844138,
PDS000000740.1,PDT000009103.1,SAMEA4844139,
PDS000000740.1,PDT000009104.1,SAMEA4844140,
PDS000000709.1,PDT000014416.1,SAMN03359070,
PDS000000709.1,PDT000014417.1,SAMN03359071,
PDS000000709.1,PDT000014418.1,SAMN03359072,
PDS000000709.1,PDT000014419.1,SAMN03359073,
PDS000000709.1,PDT000014420.1,SAMN03359074,
PDS000000709.1,PDT000014421.1,SAMN03359075,
PDS000000709.1,PDT000014422.1,SAMN03359076,
PDS000000708.1,PDT000014424.1,SAMN03359078,
PDS000000708.1,PDT000014425.1,SAMN03359079,
PDS000000708.1,PDT000014426.1,SAMN03359080,
PDS000000708.1,PDT000014429.2,SAMN03359083,
PDS000000708.1,PDT000014430.1,SAMN03359084,
PDS000000708.1,PDT000014431.1,SAMN03359085,
PDS000000708.1,PDT000014442.1,SAMN03359096,
PDS000000705.1,PDT000014427.1,SAMN03359081,
PDS000000705.1,PDT000014438.1,SAMN03359092,
PDS000000705.1,PDT000014439.1,SAMN03359093,
PDS000000705.1,PDT000014440.1,SAMN03359094,
PDS000000705.1,PDT000014441.2,SAMN03359095,
PDS000000705.1,PDT000014443.1,SAMN03359097,
PDS000000705.1,PDT000014444.1,SAMN03359098,
PDS000000698.1,PDT000014471.1,SAMN03359125,
PDS000000698.1,PDT000014472.1,SAMN03359126,
PDS000000698.1,PDT000014473.1,SAMN03359127,
PDS000000698.1,PDT000014474.1,SAMN03359128,
PDS000000698.1,PDT000014475.1,SAMN03359129,
PDS000000698.1,PDT000014476.1,SAMN03359130,
PDS000000698.1,PDT000014477.1,SAMN03359131,
PDS000000848.1,PDT000009046.1,SAMEA4844082,
PDS000000848.1,PDT000009047.1,SAMEA4844083,
PDS000000848.1,PDT000009048.1,SAMEA4844084,
PDS000000848.1,PDT000009049.1,SAMEA4844085,
PDS000000848.1,PDT000009050.1,SAMEA4844086,
PDS000000727.1,PDT000014314.2,SAMN03358967,
PDS000000727.1,PDT000014315.2,SAMN03358968,
PDS000000727.1,PDT000014316.1,SAMN03358969,
PDS000000727.1,PDT000014317.2,SAMN03358970,
PDS000000727.1,PDT000014318.1,SAMN03358971,
PDS000000727.1,PDT000014319.1,SAMN03358972,
PDS000000727.1,PDT000014320.1,SAMN03358973,
PDS000000728.1,PDT000014305.1,SAMN03358958,
PDS000000728.1,PDT000014306.1,SAMN03358959,
PDS000000728.1,PDT000014307.1,SAMN03358960,
PDS000000728.1,PDT000014308.1,SAMN03358961,
PDS000000728.1,PDT000014309.1,SAMN03358962,
PDS000000728.1,PDT000014310.1,SAMN03358963,
PDS000000728.1,PDT000014312.1,SAMN03358965,
PDS000000676.1,PDT000020789.2,SAMN09685552,
PDS000000676.1,PDT000020812.1,SAMN09685553,
PDS000000676.1,PDT000020813.2,SAMN09685554,
PDS000000676.1,PDT000020814.1,SAMN09685555,
PDS000000676.1,PDT000020815.1,SAMN09685556,
PDS000000676.1,PDT000020816.1,SAMN09685557,
PDS000000752.1,PDT000009040.1,SAMEA4844076,
PDS000000752.1,PDT000009041.1,SAMEA4844077,
PDS000000752.1,PDT000009042.1,SAMEA4844078,
PDS000000752.1,PDT000009043.1,SAMEA4844079,
PDS000000752.1,PDT000009044.1,SAMEA4844080,
PDS000000752.1,PDT000009045.1,SAMEA4844081,
PDS000000656.1,PDT000020690.2,SAMN09685662,
PDS000000656.1,PDT000020699.1,SAMN09685661,
PDS000000656.1,PDT000020702.1,SAMN09685660,
PDS000000656.1,PDT000020739.1,SAMN09685657,
PDS000000656.1,PDT000020745.1,SAMN09685659,
PDS000000656.1,PDT000020833.1,SAMN09685664,
PDS000000747.1,PDT000009073.1,SAMEA4844109,
PDS000000747.1,PDT000009074.1,SAMEA4844110,
PDS000000747.1,PDT000009075.1,SAMEA4844111,
PDS000000747.1,PDT000009077.1,SAMEA4844113,
PDS000000747.1,PDT000009078.1,SAMEA4844114,
PDS000000722.1,PDT000014343.1,SAMN03358997,
PDS000000722.1,PDT000014356.1,SAMN03359010,
PDS000000722.1,PDT000014357.1,SAMN03359011,
PDS000000722.1,PDT000014358.1,SAMN03359012,
PDS000000722.1,PDT000014360.1,SAMN03359014,
PDS000000722.1,PDT000014361.1,SAMN03359015,
PDS000000750.1,PDT000009055.1,SAMEA4844091,
PDS000000750.1,PDT000009056.1,SAMEA4844092,
PDS000000750.1,PDT000009057.1,SAMEA4844093,
PDS000000750.1,PDT000009058.1,SAMEA4844094,
PDS000000750.1,PDT000009059.1,SAMEA4844095,
PDS000000750.1,PDT000009060.1,SAMEA4844096,
PDS000000648.1,PDT000021215.1,SAMN10039184,
PDS000000648.1,PDT000021219.1,SAMN10039180,
PDS000000648.1,PDT000021221.1,SAMN10039182,
PDS000000648.1,PDT000021425.1,SAMN10039159,
PDS000000648.1,PDT000021586.1,SAMN10039234,
PDS000000679.1,PDT000020794.2,SAMN09685539,
PDS000000679.1,PDT000020795.1,SAMN09685538,
PDS000000679.1,PDT000020796.1,SAMN09685537,
PDS000000679.1,PDT000020797.1,SAMN09685536,
PDS000000679.1,PDT000020798.1,SAMN09685535,
PDS000000775.1,PDT000003785.1,SAMEA104124586,
PDS000000775.1,PDT000003786.1,SAMEA104124587,
PDS000000775.1,PDT000003787.1,SAMEA104124588,
PDS000000775.1,PDT000018654.1,SAMN08329296,
PDS000000775.1,PDT000018666.1,SAMN08329290,
PDS000000886.1,PDT000017346.1,SAMN06267495,
PDS000000886.1,PDT000017347.1,SAMN06267494,
PDS000000886.1,PDT000017348.1,SAMN06267493,
PDS000000886.1,PDT000017349.1,SAMN06267492,
PDS000000738.1,PDT000009110.1,SAMEA4844146,
PDS000000738.1,PDT000009112.2,SAMEA4844148,
PDS000000738.1,PDT000009113.1,SAMEA4844149,
PDS000000738.1,PDT000009114.1,SAMEA4844150,
PDS000000738.1,PDT000009118.1,SAMEA4844154,
PDS000000746.1,PDT000009079.1,SAMEA4844115,
PDS000000746.1,PDT000009080.2,SAMEA4844116,
PDS000000746.1,PDT000009081.1,SAMEA4844117,
PDS000000746.1,PDT000009082.1,SAMEA4844118,
PDS000000746.1,PDT000009083.1,SAMEA4844119,
PDS000000741.1,PDT000009087.2,SAMEA4844123,
PDS000000741.1,PDT000009088.1,SAMEA4844124,
PDS000000741.1,PDT000009089.2,SAMEA4844125,
PDS000000741.1,PDT000009090.1,SAMEA4844126,
PDS000000741.1,PDT000009096.1,SAMEA4844132,
PDS000000646.1,PDT000021209.1,SAMN10039245,
PDS000000646.1,PDT000021597.1,SAMN10039229,
PDS000000646.1,PDT000021661.1,SAMN10039215,
PDS000000646.1,PDT000021666.1,SAMN10039210,
PDS000000646.1,PDT000021750.1,SAMN10039174,
PDS000000734.1,PDT000004873.1,SAMEA78972418,
PDS000000734.1,PDT000004874.1,SAMEA78973168,
PDS000000734.1,PDT000004875.1,SAMEA78973918,
PDS000000734.1,PDT000004876.1,SAMEA78974668,
PDS000000734.1,PDT000004880.1,SAMEA78977668,
PDS000000749.1,PDT000009061.1,SAMEA4844097,
PDS000000749.1,PDT000009062.1,SAMEA4844098,
PDS000000749.1,PDT000009063.1,SAMEA4844099,
PDS000000749.1,PDT000009064.1,SAMEA4844100,
PDS000000749.1,PDT000009065.1,SAMEA4844101,
PDS000000759.1,PDT000009021.1,SAMEA4844052,
PDS000000759.1,PDT000009022.1,SAMEA4844053,
PDS000000759.1,PDT000009023.1,SAMEA4844054,
PDS000000759.1,PDT000009024.2,SAMEA4844055,
PDS000000759.1,PDT000009025.1,SAMEA4844056,
PDS000000861.1,PDT000010133.1,SAMEA2149965,
PDS000000717.1,PDT000014381.2,SAMN03359035,
PDS000000717.1,PDT000014382.1,SAMN03359036,
PDS000000717.1,PDT000014385.1,SAMN03359039,
PDS000000717.1,PDT000014387.1,SAMN03359041,
PDS000000717.1,PDT000014388.1,SAMN03359042,
PDS000000700.1,PDT000014456.1,SAMN03359110,
PDS000000700.1,PDT000014457.1,SAMN03359111,
PDS000000700.1,PDT000014458.1,SAMN03359112,
PDS000000700.1,PDT000014467.2,SAMN03359121,
PDS000000700.1,PDT000014469.1,SAMN03359123,
PDS000000714.1,PDT000014395.1,SAMN03359049,
PDS000000714.1,PDT000014396.1,SAMN03359050,
PDS000000714.1,PDT000014398.1,SAMN03359052,
PDS000000714.1,PDT000014399.1,SAMN03359053,
PDS000000714.1,PDT000014401.1,SAMN03359055,
PDS000000713.1,PDT000014397.1,SAMN03359051,
PDS000000713.1,PDT000014400.1,SAMN03359054,
PDS000000713.1,PDT000014435.2,SAMN03359089,
PDS000000713.1,PDT000014436.1,SAMN03359090,
PDS000000713.1,PDT000014437.1,SAMN03359091,
PDS000000971.1,PDT000020911.1,SAMN09914053,
PDS000000971.1,PDT000022646.1,SAMN11026314,
PDS000000971.1,PDT000022657.2,SAMN11026203,
PDS000000971.1,PDT000022749.1,SAMN11026235,
PDS000000971.1,PDT000022791.1,SAMN11026308,
PDS000000973.1,PDT000018674.1,SAMN08458115,
PDS000000973.1,PDT000020335.1,SAMN09544983,
PDS000000973.1,PDT000022383.1,SAMN10774163,
PDS000000973.1,PDT000023236.1,SAMN11877136,
PDS000000973.1,PDT000023419.1,SAMN12109048,
PDS000000758.1,PDT000009027.1,SAMEA4844060,
PDS000000758.1,PDT000009028.1,SAMEA4844061,
PDS000000758.1,PDT000009029.1,SAMEA4844062,
PDS000000758.1,PDT000009030.1,SAMEA4844063,
PDS000000946.1,PDT000020381.1,SAMN09545050,
PDS000000946.1,PDT000021937.1,SAMN10346475,
PDS000000946.1,PDT000023399.1,SAMN12049076,
PDS000000669.1,PDT000020763.1,SAMN09685609,
PDS000000669.1,PDT000020764.1,SAMN09685610,
PDS000000669.1,PDT000020765.1,SAMN09685611,
PDS000000669.1,PDT000020766.1,SAMN09685612,
PDS000000739.1,PDT000009105.1,SAMEA4844141,
PDS000000739.1,PDT000009106.1,SAMEA4844142,
PDS000000739.1,PDT000009107.1,SAMEA4844143,
PDS000000739.1,PDT000009108.1,SAMEA4844144,
PDS000000678.1,PDT000020790.1,SAMN09685546,
PDS000000678.1,PDT000020791.1,SAMN09685545,
PDS000000678.1,PDT000020792.1,SAMN09685544,
PDS000000678.1,PDT000020793.1,SAMN09685543,
PDS000000687.1,PDT000020379.1,SAMN09545056,
PDS000000687.1,PDT000020662.1,SAMN09756625,
PDS000000687.1,PDT000022500.1,SAMN10881616,
PDS000000687.1,PDT000022525.1,SAMN10881617,
PDS000000696.1,PDT000014481.1,SAMN03359135,
PDS000000696.1,PDT000014482.1,SAMN03359136,
PDS000000696.1,PDT000014483.2,SAMN03359137,
PDS000000696.1,PDT000014484.1,SAMN03359138,
PDS000000712.1,PDT000014403.1,SAMN03359057,
PDS000000712.1,PDT000014405.1,SAMN03359059,
PDS000000712.1,PDT000014406.2,SAMN03359060,
PDS000000712.1,PDT000020344.1,SAMN09544985,
PDS000000957.1,PDT000019336.1,SAMN09215350,
PDS000000957.1,PDT000022224.1,SAMN10719235,
PDS000000957.1,PDT000022932.1,SAMN11318580,
PDS000000957.1,PDT000023003.1,SAMN11456486,
PDS000000949.1,PDT000022142.1,SAMN10579140,
PDS000000949.1,PDT000022216.1,SAMN10719231,
PDS000000949.1,PDT000022518.1,SAMN10881615,
PDS000000949.1,PDT000023176.1,SAMN11655419,
PDS000000822.1,PDT000009352.1,SAMEA2151382,
PDS000000822.1,PDT000010123.1,SAMEA2146451,
PDS000000719.1,PDT000014380.1,SAMN03359034,
PDS000000719.1,PDT000014390.1,SAMN03359044,
PDS000000719.1,PDT000014392.2,SAMN03359046,
PDS000000720.1,PDT000014367.1,SAMN03359021,
PDS000000720.1,PDT000014368.1,SAMN03359022,
PDS000000720.1,PDT000014369.1,SAMN03359023,
PDS000000970.1,PDT000022622.1,SAMN11026217,
PDS000000970.1,PDT000022704.1,SAMN11026283,
PDS000000970.1,PDT000022741.1,SAMN11026207,
PDS000000833.1,PDT000015558.1,SAMN03447946,
PDS000000707.1,PDT000014432.1,SAMN03359086,
PDS000000707.1,PDT000014433.1,SAMN03359087,
PDS000000707.1,PDT000014434.1,SAMN03359088,
PDS000000838.1,PDT000022166.1,SAMN10654019,
PDS000000701.1,PDT000014459.1,SAMN03359113,
PDS000000701.1,PDT000014466.1,SAMN03359120,
PDS000000701.1,PDT000014468.1,SAMN03359122,
PDS000000637.1,PDT000021968.1,SAMN10389865,
PDS000000637.1,PDT000023187.1,SAMN11655423,
PDS000000637.1,PDT000023501.1,SAMN12212409,
PDS000000697.1,PDT000014478.1,SAMN03359132,
PDS000000697.1,PDT000014479.1,SAMN03359133,
PDS000000697.1,PDT000014480.1,SAMN03359134,
PDS000000753.1,PDT000009037.1,SAMEA4844072,
PDS000000753.1,PDT000009038.1,SAMEA4844073,
PDS000000753.1,PDT000009039.1,SAMEA4844074,
PDS000000757.1,PDT000009031.1,SAMEA4844064,
PDS000000757.1,PDT000009032.1,SAMEA4844065,
PDS000000757.1,PDT000009033.1,SAMEA4844066,
PDS000000760.1,PDT000010742.1,SAMEA3268931,
PDS000000760.1,PDT000010752.1,SAMEA3268941,
PDS000000760.1,PDT000010756.1,SAMEA3268945,
PDS000000762.1,PDT000010731.1,SAMEA3268920,
PDS000000762.1,PDT000010738.1,SAMEA3268927,
PDS000000745.1,PDT000009092.1,SAMEA4844128,
PDS000000745.1,PDT000009093.1,SAMEA4844129,
PDS000000745.1,PDT000009095.1,SAMEA4844131,
PDS000000772.1,PDT000001654.1,SAMEA4360811,
PDS000000772.1,PDT000007068.1,SAMEA5128247,
PDS000000772.1,PDT000009632.1,SAMEA2159149,
PDS000000959.1,PDT000022981.1,SAMN11456451,
PDS000000959.1,PDT000022983.1,SAMN11456459,
PDS000000959.1,PDT000023518.1,SAMN12221214,
PDS000000665.1,PDT000020820.1,SAMN09685622,
PDS000000665.1,PDT000020821.1,SAMN09685621,
PDS000000665.1,PDT000020829.1,SAMN09685620,
PDS000000671.1,PDT000020760.2,SAMN09685606,
PDS000000671.1,PDT000020761.1,SAMN09685607,
PDS000000671.1,PDT000020762.1,SAMN09685608,
PDS000000680.1,PDT000020700.1,SAMN09685506,
PDS000000680.1,PDT000020850.1,SAMN09685510,
PDS000000680.1,PDT000020855.1,SAMN09685507,
PDS000000871.1,PDT000018957.1,SAMN08662363,
PDS000000661.1,PDT000020799.1,SAMN09685632,
PDS000000661.1,PDT000020805.1,SAMN09685630,
PDS000000661.1,PDT000020806.1,SAMN09685631,
PDS000000642.1,PDT000020256.1,SAMN09401243,
PDS000000642.1,PDT000021365.1,SAMN10039262,
PDS000000642.1,PDT000021654.1,SAMN10039255,
PDS000000689.1,PDT000020334.1,SAMN09544981,
PDS000000689.1,PDT000020368.1,SAMN09545047,
PDS000000689.1,PDT000022946.2,SAMN11360139,
PDS000000653.1,PDT000020903.1,SAMN09880346,
PDS000000653.1,PDT000020904.2,SAMN09880347,
PDS000000724.1,PDT000014342.1,SAMN03358996,
PDS000000724.1,PDT000014349.1,SAMN03359003,
PDS000000736.1,PDT000009124.1,SAMEA4844162,
PDS000000736.1,PDT000009125.1,SAMEA4844163,
PDS000000674.1,PDT000020729.1,SAMN09685569,
PDS000000674.1,PDT000020779.1,SAMN09685570,
PDS000000958.1,PDT000022842.2,SAMN11178683,
PDS000000958.1,PDT000022966.1,SAMN11456463,
PDS000000735.1,PDT000004872.1,SAMEA78971668,
PDS000000735.1,PDT000004878.1,SAMEA78976168,
PDS000000733.1,PDT000004891.1,SAMEA78985918,
PDS000000733.1,PDT000004892.1,SAMEA78986668,
PDS000000672.1,PDT000009674.1,SAMEA2162207,
PDS000000672.1,PDT000020773.1,SAMN09685585,
PDS000000675.1,PDT000020706.2,SAMN09685565,
PDS000000675.1,PDT000020707.1,SAMN09685566,
PDS000000654.1,PDT000020768.1,SAMN09685673,
PDS000000654.1,PDT000020834.1,SAMN09685665,
PDS000000659.1,PDT000020681.1,SAMN09685638,
PDS000000659.1,PDT000020682.1,SAMN09685639,
PDS000000737.1,PDT000009121.1,SAMEA4844157,
PDS000000737.1,PDT000009122.1,SAMEA4844159,
PDS000000668.1,PDT000020823.1,SAMN09685614,
PDS000000668.1,PDT000020824.1,SAMN09685613,
PDS000000956.1,PDT000020655.1,SAMN09742365,
PDS000000956.1,PDT000022993.2,SAMN11456489,
PDS000000955.1,PDT000023020.1,SAMN11490959,
PDS000000955.1,PDT000023241.1,SAMN11877145,
PDS000000667.1,PDT000020825.1,SAMN09685616,
PDS000000667.1,PDT000020826.1,SAMN09685615,
PDS000000953.1,PDT000022156.2,SAMN10612499,
PDS000000953.1,PDT000023085.1,SAMN11571844,
PDS000000952.1,PDT000020400.1,SAMN09651976,
PDS000000952.1,PDT000023097.1,SAMN11571858,
PDS000000664.1,PDT000020803.1,SAMN09685623,
PDS000000664.1,PDT000020804.1,SAMN09685624,
PDS000000950.1,PDT000022506.1,SAMN10881595,
PDS000000950.1,PDT000023175.1,SAMN11655409,
PDS000000748.1,PDT000009070.1,SAMEA4844106,
PDS000000748.1,PDT000009072.1,SAMEA4844108,
PDS000000662.1,PDT000020807.1,SAMN09685628,
PDS000000662.1,PDT000020808.1,SAMN09685629,
PDS000000948.1,PDT000018959.1,SAMN08662367,
PDS000000948.1,PDT000023186.1,SAMN11655421,
PDS000000660.1,PDT000020838.1,SAMN09685635,
PDS000000660.1,PDT000020845.1,SAMN09685636,
PDS000000947.1,PDT000022060.1,SAMN10411541,
PDS000000947.1,PDT000023223.1,SAMN11877148,
PDS000000702.1,PDT000014454.1,SAMN03359108,
PDS000000702.1,PDT000014465.1,SAMN03359119,
PDS000000969.1,PDT000022675.1,SAMN11026225,
PDS000000972.1,PDT000020282.1,SAMN09489616,
PDS000000972.1,PDT000022527.1,SAMN10881613,
PDS000000974.1,PDT000020280.1,SAMN09489622,
PDS000000974.1,PDT000022176.1,SAMN10654023,
PDS000000685.1,PDT000020417.1,SAMN09655753,
PDS000000685.1,PDT000022394.1,SAMN10774159,
PDS000000634.1,PDT000020290.1,SAMN09489596,
PDS000000634.1,PDT000022082.1,SAMN10482725,
PDS000000643.1,PDT000021455.1,SAMN10039303,
PDS000000643.1,PDT000021596.1,SAMN10039232,
PDS000000635.1,PDT000020435.1,SAMN09664921,
PDS000000635.1,PDT000022097.1,SAMN10482723,
PDS000000636.1,PDT000022061.1,SAMN10411546,
PDS000000636.1,PDT000023232.1,SAMN11877139,
PDS000000703.1,PDT000014462.1,SAMN03359116,
PDS000000703.1,PDT000014464.1,SAMN03359118,
PDS000000715.1,PDT000014394.1,SAMN03359048,
PDS000000715.1,PDT000014423.1,SAMN03359077,
PDS000000686.1,PDT000020416.1,SAMN09655703,
PDS000000641.1,PDT000021601.1,SAMN10039281,
PDS000000641.1,PDT000021690.1,SAMN10039156,
PDS000000640.1,PDT000021457.1,SAMN10039301,
PDS000000640.1,PDT000021605.1,SAMN10039285,
PDS000000638.1,PDT000021953.1,SAMN10370061,
PDS000000638.1,PDT000021957.1,SAMN10370065,
PDS000000690.1,PDT000020352.1,SAMN09545036,
PDS000000690.1,PDT000022876.1,SAMN11234167,
PDS000000639.1,PDT000021860.1,SAMN10237293,
PDS000000639.1,PDT000022066.1,SAMN10411547,
PDS000000695.1,PDT000015630.1,SAMN03492352,
PDS000000695.1,PDT000015631.1,SAMN03492358,
PDS000000691.1,PDT000020363.1,SAMN09545033,
PDS000000691.1,PDT000022196.1,SAMN10656523,
PDS000000649.1,PDT000021428.1,SAMN10039166,
PDS000000649.1,PDT000021667.1,SAMN10039209,
PDS000000960.1,PDT000022925.1,SAMN11318583,
PDS000000960.1,PDT000023002.1,SAMN11456482,
PDS000000961.1,PDT000022910.1,SAMN11252384,
PDS000000961.1,PDT000023198.1,SAMN11785575,
PDS000000726.1,PDT000014340.1,SAMN03358994,
PDS000000726.1,PDT000014341.1,SAMN03358995,
PDS000000725.1,PDT000014344.2,SAMN03358998,
PDS000000725.1,PDT000014347.2,SAMN03359001,
PDS000000692.1,PDT000020355.1,SAMN09545031,
PDS000000692.1,PDT000022148.1,SAMN10612503,
PDS000000650.1,PDT000021462.1,SAMN10039203,
PDS000000650.1,PDT000021599.1,SAMN10039147,
PDS000000723.1,PDT000014352.1,SAMN03359006,
PDS000000723.1,PDT000014354.1,SAMN03359008,
PDS000000962.1,PDT000022852.1,SAMN11178685,
PDS000000962.1,PDT000022897.1,SAMN11252372,
PDS000000651.1,PDT000020324.1,SAMN09544988,
PDS000000651.1,PDT000020945.2,SAMN09933881,
PDS000000964.1,PDT000022183.1,SAMN10656510,
PDS000000964.1,PDT000022912.1,SAMN11252368,
PDS000000681.1,PDT000020853.1,SAMN09685504,
PDS000000681.1,PDT000020854.1,SAMN09685505,
PDS000000966.1,PDT000020891.1,SAMN09866599,
PDS000000966.1,PDT000022813.1,SAMN11041631,
PDS000000967.1,PDT000022756.1,SAMN11026255,
PDS000000967.1,PDT000022789.1,SAMN11026306,
PDS000000968.1,PDT000022638.1,SAMN11026322,
PDS000000968.1,PDT000022763.2,SAMN11026242,
PDS000000683.1,PDT000020688.1,SAMN09685502,
PDS000000683.1,PDT000020846.1,SAMN09685513,
PDS000000716.1,PDT000014383.1,SAMN03359037,
PDS000000716.1,PDT000014393.1,SAMN03359047,
PDS000000684.1,PDT000020408.1,SAMN09655754,
PDS000000684.1,PDT000023229.2,SAMN11877122,
PDS000000826.1,PDT000010125.1,SAMEA2145156,
PDS000000825.1,PDT000010154.1,SAMEA2160223,
PDS000000823.1,PDT000010127.1,SAMEA2148159,
PDS000000818.1,PDT000010122.1,SAMEA2152955,
PDS000000827.1,PDT000010129.1,SAMEA2149601,
PDS000000774.1,PDT000009248.1,SAMEA2142788,
PDS000000774.1,PDT000009689.1,SAMEA2148771,
PDS000000773.1,PDT000009405.1,SAMEA2146240,
PDS000000773.1,PDT000009916.1,SAMEA2156772,
PDS000000771.1,PDT000009464.1,SAMEA2151425,
PDS000000771.1,PDT000009776.1,SAMEA2160540,
PDS000000769.1,PDT000010723.1,SAMEA3268912,
PDS000000767.1,PDT000010726.1,SAMEA3268915,
PDS000000765.1,PDT000010727.1,SAMEA3268916,
PDS000000765.1,PDT000010765.1,SAMEA3268954,
PDS000000764.1,PDT000010732.1,SAMEA3268921,
PDS000000763.1,PDT000010733.1,SAMEA3268922,
PDS000000761.1,PDT000010748.1,SAMEA3268937,
PDS000000754.1,PDT000009035.1,SAMEA4844070,
PDS000000754.1,PDT000009036.1,SAMEA4844071,
PDS000000859.1,PDT000009548.1,SAMEA2154070,
PDS000000751.1,PDT000009051.1,SAMEA4844087,
PDS000000751.1,PDT000009053.1,SAMEA4844089,
PDS000000834.1,PDT000010139.1,SAMEA2150251,
PDS000000830.1,PDT000010142.1,SAMEA2158235,
PDS000000828.1,PDT000010150.1,SAMEA2149920,
